Node,Degree,Num_Chromosome_Nodes,Num_Nonchromosome_Nodes,Chromosome_Nodes,Nonchromosome_Nodes,Unconnected_Nonchromosome_Nodes
X1.106729520,17,0,17,,"Bgd_Si.350.MeV.n_4, FociPerGy_Si.350.MeV.n_4, Bgd_Si.350.MeV.n_8, FociPerGy_Si.350.MeV.n_8, Bgd_Si.350.MeV.n_48, Bgd_Ar.350.MeV.n_4, FociPerGy_Ar.350.MeV.n_4, Bgd_Ar.350.MeV.n_8, FociPerGy_Ar.350.MeV.n_8, Bgd_Ar.350.MeV.n_24, FociPerGy_Ar.350.MeV.n_24, Bgd_Ar.350.MeV.n_48, FociPerGy_Ar.350.MeV.n_48, Bgd_Fe.600.MeV.n_4, Bgd_X.ray_4, Bgd_X.ray_24, Bgd_X.ray_48","Bgd_Si.350.MeV.n_24, FociPerGy_Si.350.MeV.n_24, FociPerGy_Si.350.MeV.n_48, FociPerGy_Fe.600.MeV.n_4, Bgd_Fe.600.MeV.n_8, FociPerGy_Fe.600.MeV.n_8, Bgd_Fe.600.MeV.n_24, FociPerGy_Fe.600.MeV.n_24, Bgd_Fe.600.MeV.n_48, FociPerGy_Fe.600.MeV.n_48, FociPerGy_X.ray_4, FociPerGy_X.ray_24, FociPerGy_X.ray_48"
X1.124618790,15,0,15,,"Bgd_Si.350.MeV.n_4, FociPerGy_Si.350.MeV.n_4, Bgd_Si.350.MeV.n_8, Bgd_Si.350.MeV.n_24, Bgd_Si.350.MeV.n_48, Bgd_Ar.350.MeV.n_4, FociPerGy_Ar.350.MeV.n_4, FociPerGy_Ar.350.MeV.n_24, Bgd_Fe.600.MeV.n_4, FociPerGy_Fe.600.MeV.n_4, Bgd_Fe.600.MeV.n_8, FociPerGy_Fe.600.MeV.n_48, Bgd_X.ray_4, Bgd_X.ray_24, FociPerGy_X.ray_48","FociPerGy_Si.350.MeV.n_8, FociPerGy_Si.350.MeV.n_24, FociPerGy_Si.350.MeV.n_48, Bgd_Ar.350.MeV.n_8, FociPerGy_Ar.350.MeV.n_8, Bgd_Ar.350.MeV.n_24, Bgd_Ar.350.MeV.n_48, FociPerGy_Ar.350.MeV.n_48, FociPerGy_Fe.600.MeV.n_8, Bgd_Fe.600.MeV.n_24, FociPerGy_Fe.600.MeV.n_24, Bgd_Fe.600.MeV.n_48, FociPerGy_X.ray_4, FociPerGy_X.ray_24, Bgd_X.ray_48"
X1.125491750,17,1,16,X1.125527931,"Bgd_Si.350.MeV.n_8, FociPerGy_Si.350.MeV.n_24, FociPerGy_Si.350.MeV.n_48, Bgd_Ar.350.MeV.n_4, FociPerGy_Ar.350.MeV.n_4, Bgd_Ar.350.MeV.n_8, FociPerGy_Ar.350.MeV.n_8, Bgd_Ar.350.MeV.n_24, FociPerGy_Ar.350.MeV.n_24, Bgd_Ar.350.MeV.n_48, FociPerGy_Ar.350.MeV.n_48, Bgd_Fe.600.MeV.n_4, FociPerGy_Fe.600.MeV.n_4, Bgd_X.ray_4, Bgd_X.ray_24, Bgd_X.ray_48","Bgd_Si.350.MeV.n_4, FociPerGy_Si.350.MeV.n_4, FociPerGy_Si.350.MeV.n_8, Bgd_Si.350.MeV.n_24, Bgd_Si.350.MeV.n_48, Bgd_Fe.600.MeV.n_8, FociPerGy_Fe.600.MeV.n_8, Bgd_Fe.600.MeV.n_24, FociPerGy_Fe.600.MeV.n_24, Bgd_Fe.600.MeV.n_48, FociPerGy_Fe.600.MeV.n_48, FociPerGy_X.ray_4, FociPerGy_X.ray_24, FociPerGy_X.ray_48"
X1.125527931,21,1,20,X1.125491750,"Bgd_Si.350.MeV.n_4, FociPerGy_Si.350.MeV.n_8, FociPerGy_Si.350.MeV.n_24, Bgd_Si.350.MeV.n_48, FociPerGy_Si.350.MeV.n_48, Bgd_Ar.350.MeV.n_4, FociPerGy_Ar.350.MeV.n_4, Bgd_Ar.350.MeV.n_8, FociPerGy_Ar.350.MeV.n_8, Bgd_Ar.350.MeV.n_24, FociPerGy_Ar.350.MeV.n_24, Bgd_Ar.350.MeV.n_48, FociPerGy_Ar.350.MeV.n_48, Bgd_Fe.600.MeV.n_4, FociPerGy_Fe.600.MeV.n_4, FociPerGy_Fe.600.MeV.n_8, Bgd_Fe.600.MeV.n_24, Bgd_X.ray_4, Bgd_X.ray_24, Bgd_X.ray_48","FociPerGy_Si.350.MeV.n_4, Bgd_Si.350.MeV.n_8, Bgd_Si.350.MeV.n_24, Bgd_Fe.600.MeV.n_8, FociPerGy_Fe.600.MeV.n_24, Bgd_Fe.600.MeV.n_48, FociPerGy_Fe.600.MeV.n_48, FociPerGy_X.ray_4, FociPerGy_X.ray_24, FociPerGy_X.ray_48"
X1.14589546,20,0,20,,"Bgd_Si.350.MeV.n_4, FociPerGy_Si.350.MeV.n_4, Bgd_Si.350.MeV.n_8, Bgd_Si.350.MeV.n_24, FociPerGy_Si.350.MeV.n_24, Bgd_Si.350.MeV.n_48, FociPerGy_Si.350.MeV.n_48, Bgd_Ar.350.MeV.n_4, FociPerGy_Ar.350.MeV.n_4, Bgd_Ar.350.MeV.n_8, FociPerGy_Ar.350.MeV.n_8, FociPerGy_Ar.350.MeV.n_24, Bgd_Ar.350.MeV.n_48, Bgd_Fe.600.MeV.n_4, FociPerGy_Fe.600.MeV.n_4, Bgd_Fe.600.MeV.n_24, FociPerGy_Fe.600.MeV.n_24, Bgd_X.ray_4, FociPerGy_X.ray_4, Bgd_X.ray_48","FociPerGy_Si.350.MeV.n_8, Bgd_Ar.350.MeV.n_24, FociPerGy_Ar.350.MeV.n_48, Bgd_Fe.600.MeV.n_8, FociPerGy_Fe.600.MeV.n_8, Bgd_Fe.600.MeV.n_48, FociPerGy_Fe.600.MeV.n_48, Bgd_X.ray_24, FociPerGy_X.ray_24, FociPerGy_X.ray_48"
X1.188051568,22,1,21,X14.48553214,"FociPerGy_Si.350.MeV.n_4, FociPerGy_Si.350.MeV.n_8, Bgd_Si.350.MeV.n_24, FociPerGy_Si.350.MeV.n_24, Bgd_Si.350.MeV.n_48, FociPerGy_Ar.350.MeV.n_4, Bgd_Ar.350.MeV.n_8, FociPerGy_Ar.350.MeV.n_8, Bgd_Ar.350.MeV.n_48, FociPerGy_Ar.350.MeV.n_48, Bgd_Fe.600.MeV.n_4, Bgd_Fe.600.MeV.n_8, FociPerGy_Fe.600.MeV.n_8, Bgd_Fe.600.MeV.n_24, FociPerGy_Fe.600.MeV.n_24, Bgd_Fe.600.MeV.n_48, Bgd_X.ray_4, FociPerGy_X.ray_4, Bgd_X.ray_24, Bgd_X.ray_48, FociPerGy_X.ray_48","Bgd_Si.350.MeV.n_4, Bgd_Si.350.MeV.n_8, FociPerGy_Si.350.MeV.n_48, Bgd_Ar.350.MeV.n_4, Bgd_Ar.350.MeV.n_24, FociPerGy_Ar.350.MeV.n_24, FociPerGy_Fe.600.MeV.n_4, FociPerGy_Fe.600.MeV.n_48, FociPerGy_X.ray_24"
X1.37706705,16,0,16,,"Bgd_Si.350.MeV.n_4, FociPerGy_Si.350.MeV.n_4, FociPerGy_Si.350.MeV.n_8, Bgd_Si.350.MeV.n_48, FociPerGy_Si.350.MeV.n_48, FociPerGy_Ar.350.MeV.n_8, FociPerGy_Ar.350.MeV.n_24, FociPerGy_Ar.350.MeV.n_48, Bgd_Fe.600.MeV.n_4, FociPerGy_Fe.600.MeV.n_8, Bgd_Fe.600.MeV.n_48, Bgd_X.ray_4, Bgd_X.ray_24, FociPerGy_X.ray_24, Bgd_X.ray_48, FociPerGy_X.ray_48","Bgd_Si.350.MeV.n_8, Bgd_Si.350.MeV.n_24, FociPerGy_Si.350.MeV.n_24, Bgd_Ar.350.MeV.n_4, FociPerGy_Ar.350.MeV.n_4, Bgd_Ar.350.MeV.n_8, Bgd_Ar.350.MeV.n_24, Bgd_Ar.350.MeV.n_48, FociPerGy_Fe.600.MeV.n_4, Bgd_Fe.600.MeV.n_8, Bgd_Fe.600.MeV.n_24, FociPerGy_Fe.600.MeV.n_24, FociPerGy_Fe.600.MeV.n_48, FociPerGy_X.ray_4"
X1.52472062,22,0,22,,"Bgd_Si.350.MeV.n_4, FociPerGy_Si.350.MeV.n_4, Bgd_Si.350.MeV.n_8, Bgd_Si.350.MeV.n_24, FociPerGy_Si.350.MeV.n_24, Bgd_Ar.350.MeV.n_4, FociPerGy_Ar.350.MeV.n_4, Bgd_Ar.350.MeV.n_8, FociPerGy_Ar.350.MeV.n_8, Bgd_Ar.350.MeV.n_24, FociPerGy_Ar.350.MeV.n_24, Bgd_Ar.350.MeV.n_48, Bgd_Fe.600.MeV.n_4, Bgd_Fe.600.MeV.n_8, FociPerGy_Fe.600.MeV.n_8, Bgd_Fe.600.MeV.n_24, Bgd_Fe.600.MeV.n_48, FociPerGy_Fe.600.MeV.n_48, Bgd_X.ray_4, FociPerGy_X.ray_4, Bgd_X.ray_24, FociPerGy_X.ray_48","FociPerGy_Si.350.MeV.n_8, Bgd_Si.350.MeV.n_48, FociPerGy_Si.350.MeV.n_48, FociPerGy_Ar.350.MeV.n_48, FociPerGy_Fe.600.MeV.n_4, FociPerGy_Fe.600.MeV.n_24, FociPerGy_X.ray_24, Bgd_X.ray_48"
X10.101680788,22,0,22,,"Bgd_Si.350.MeV.n_4, FociPerGy_Si.350.MeV.n_4, Bgd_Si.350.MeV.n_8, FociPerGy_Si.350.MeV.n_8, Bgd_Si.350.MeV.n_24, Bgd_Si.350.MeV.n_48, FociPerGy_Si.350.MeV.n_48, Bgd_Ar.350.MeV.n_4, FociPerGy_Ar.350.MeV.n_4, Bgd_Ar.350.MeV.n_8, FociPerGy_Ar.350.MeV.n_8, Bgd_Ar.350.MeV.n_24, FociPerGy_Ar.350.MeV.n_24, Bgd_Fe.600.MeV.n_4, Bgd_Fe.600.MeV.n_8, FociPerGy_Fe.600.MeV.n_8, Bgd_Fe.600.MeV.n_24, Bgd_Fe.600.MeV.n_48, FociPerGy_Fe.600.MeV.n_48, Bgd_X.ray_4, Bgd_X.ray_24, Bgd_X.ray_48","FociPerGy_Si.350.MeV.n_24, Bgd_Ar.350.MeV.n_48, FociPerGy_Ar.350.MeV.n_48, FociPerGy_Fe.600.MeV.n_4, FociPerGy_Fe.600.MeV.n_24, FociPerGy_X.ray_4, FociPerGy_X.ray_24, FociPerGy_X.ray_48"
X11.111752788,18,0,18,,"FociPerGy_Si.350.MeV.n_4, Bgd_Si.350.MeV.n_8, FociPerGy_Si.350.MeV.n_24, Bgd_Si.350.MeV.n_48, Bgd_Ar.350.MeV.n_4, FociPerGy_Ar.350.MeV.n_4, Bgd_Ar.350.MeV.n_8, FociPerGy_Ar.350.MeV.n_8, FociPerGy_Ar.350.MeV.n_24, FociPerGy_Ar.350.MeV.n_48, Bgd_Fe.600.MeV.n_4, Bgd_Fe.600.MeV.n_8, FociPerGy_Fe.600.MeV.n_8, Bgd_Fe.600.MeV.n_24, Bgd_Fe.600.MeV.n_48, FociPerGy_Fe.600.MeV.n_48, Bgd_X.ray_4, FociPerGy_X.ray_48","Bgd_Si.350.MeV.n_4, FociPerGy_Si.350.MeV.n_8, Bgd_Si.350.MeV.n_24, FociPerGy_Si.350.MeV.n_48, Bgd_Ar.350.MeV.n_24, Bgd_Ar.350.MeV.n_48, FociPerGy_Fe.600.MeV.n_4, FociPerGy_Fe.600.MeV.n_24, FociPerGy_X.ray_4, Bgd_X.ray_24, FociPerGy_X.ray_24, Bgd_X.ray_48"
X11.29545002,16,1,15,X2.120332584,"Bgd_Si.350.MeV.n_4, Bgd_Si.350.MeV.n_8, Bgd_Si.350.MeV.n_24, FociPerGy_Si.350.MeV.n_24, Bgd_Si.350.MeV.n_48, FociPerGy_Ar.350.MeV.n_4, Bgd_Ar.350.MeV.n_8, FociPerGy_Ar.350.MeV.n_24, FociPerGy_Fe.600.MeV.n_4, FociPerGy_Fe.600.MeV.n_8, FociPerGy_Fe.600.MeV.n_24, Bgd_Fe.600.MeV.n_48, Bgd_X.ray_4, Bgd_X.ray_24, Bgd_X.ray_48","FociPerGy_Si.350.MeV.n_4, FociPerGy_Si.350.MeV.n_8, FociPerGy_Si.350.MeV.n_48, Bgd_Ar.350.MeV.n_4, FociPerGy_Ar.350.MeV.n_8, Bgd_Ar.350.MeV.n_24, Bgd_Ar.350.MeV.n_48, FociPerGy_Ar.350.MeV.n_48, Bgd_Fe.600.MeV.n_4, Bgd_Fe.600.MeV.n_8, Bgd_Fe.600.MeV.n_24, FociPerGy_Fe.600.MeV.n_48, FociPerGy_X.ray_4, FociPerGy_X.ray_24, FociPerGy_X.ray_48"
X11.35282604,25,0,25,,"Bgd_Si.350.MeV.n_4, FociPerGy_Si.350.MeV.n_4, Bgd_Si.350.MeV.n_8, Bgd_Si.350.MeV.n_24, FociPerGy_Si.350.MeV.n_24, Bgd_Si.350.MeV.n_48, Bgd_Ar.350.MeV.n_4, FociPerGy_Ar.350.MeV.n_4, Bgd_Ar.350.MeV.n_8, FociPerGy_Ar.350.MeV.n_8, Bgd_Ar.350.MeV.n_24, FociPerGy_Ar.350.MeV.n_24, FociPerGy_Ar.350.MeV.n_48, Bgd_Fe.600.MeV.n_4, Bgd_Fe.600.MeV.n_8, FociPerGy_Fe.600.MeV.n_8, Bgd_Fe.600.MeV.n_24, FociPerGy_Fe.600.MeV.n_24, Bgd_Fe.600.MeV.n_48, FociPerGy_Fe.600.MeV.n_48, Bgd_X.ray_4, Bgd_X.ray_24, FociPerGy_X.ray_24, Bgd_X.ray_48, FociPerGy_X.ray_48","FociPerGy_Si.350.MeV.n_8, FociPerGy_Si.350.MeV.n_48, Bgd_Ar.350.MeV.n_48, FociPerGy_Fe.600.MeV.n_4, FociPerGy_X.ray_4"
X11.65104565,20,1,19,X8.75159575,"Bgd_Si.350.MeV.n_4, Bgd_Si.350.MeV.n_48, FociPerGy_Si.350.MeV.n_48, Bgd_Ar.350.MeV.n_4, FociPerGy_Ar.350.MeV.n_4, Bgd_Ar.350.MeV.n_8, Bgd_Ar.350.MeV.n_24, Bgd_Ar.350.MeV.n_48, Bgd_Fe.600.MeV.n_4, Bgd_Fe.600.MeV.n_8, FociPerGy_Fe.600.MeV.n_8, Bgd_Fe.600.MeV.n_24, FociPerGy_Fe.600.MeV.n_24, Bgd_Fe.600.MeV.n_48, FociPerGy_Fe.600.MeV.n_48, Bgd_X.ray_4, FociPerGy_X.ray_24, Bgd_X.ray_48, FociPerGy_X.ray_48","FociPerGy_Si.350.MeV.n_4, Bgd_Si.350.MeV.n_8, FociPerGy_Si.350.MeV.n_8, Bgd_Si.350.MeV.n_24, FociPerGy_Si.350.MeV.n_24, FociPerGy_Ar.350.MeV.n_8, FociPerGy_Ar.350.MeV.n_24, FociPerGy_Ar.350.MeV.n_48, FociPerGy_Fe.600.MeV.n_4, FociPerGy_X.ray_4, Bgd_X.ray_24"
X11.72678672,18,0,18,,"Bgd_Si.350.MeV.n_4, FociPerGy_Si.350.MeV.n_8, Bgd_Si.350.MeV.n_24, FociPerGy_Si.350.MeV.n_24, Bgd_Si.350.MeV.n_48, FociPerGy_Si.350.MeV.n_48, Bgd_Ar.350.MeV.n_4, FociPerGy_Ar.350.MeV.n_4, Bgd_Ar.350.MeV.n_8, Bgd_Ar.350.MeV.n_24, FociPerGy_Ar.350.MeV.n_24, FociPerGy_Ar.350.MeV.n_48, Bgd_Fe.600.MeV.n_4, Bgd_Fe.600.MeV.n_8, Bgd_X.ray_4, Bgd_X.ray_24, Bgd_X.ray_48, FociPerGy_X.ray_48","FociPerGy_Si.350.MeV.n_4, Bgd_Si.350.MeV.n_8, FociPerGy_Ar.350.MeV.n_8, Bgd_Ar.350.MeV.n_48, FociPerGy_Fe.600.MeV.n_4, FociPerGy_Fe.600.MeV.n_8, Bgd_Fe.600.MeV.n_24, FociPerGy_Fe.600.MeV.n_24, Bgd_Fe.600.MeV.n_48, FociPerGy_Fe.600.MeV.n_48, FociPerGy_X.ray_4, FociPerGy_X.ray_24"
X11.76607143,18,0,18,,"FociPerGy_Si.350.MeV.n_4, FociPerGy_Si.350.MeV.n_8, Bgd_Si.350.MeV.n_24, FociPerGy_Si.350.MeV.n_24, FociPerGy_Si.350.MeV.n_48, FociPerGy_Ar.350.MeV.n_8, Bgd_Ar.350.MeV.n_24, FociPerGy_Ar.350.MeV.n_24, FociPerGy_Ar.350.MeV.n_48, FociPerGy_Fe.600.MeV.n_4, Bgd_Fe.600.MeV.n_8, FociPerGy_Fe.600.MeV.n_8, Bgd_Fe.600.MeV.n_48, FociPerGy_Fe.600.MeV.n_48, Bgd_X.ray_4, Bgd_X.ray_24, FociPerGy_X.ray_24, Bgd_X.ray_48","Bgd_Si.350.MeV.n_4, Bgd_Si.350.MeV.n_8, Bgd_Si.350.MeV.n_48, Bgd_Ar.350.MeV.n_4, FociPerGy_Ar.350.MeV.n_4, Bgd_Ar.350.MeV.n_8, Bgd_Ar.350.MeV.n_48, Bgd_Fe.600.MeV.n_4, Bgd_Fe.600.MeV.n_24, FociPerGy_Fe.600.MeV.n_24, FociPerGy_X.ray_4, FociPerGy_X.ray_48"
X11.89717074,23,2,21,"X7.37333012, X7.39743481","Bgd_Si.350.MeV.n_4, FociPerGy_Si.350.MeV.n_4, Bgd_Si.350.MeV.n_8, FociPerGy_Si.350.MeV.n_8, Bgd_Si.350.MeV.n_24, FociPerGy_Si.350.MeV.n_24, Bgd_Ar.350.MeV.n_4, Bgd_Ar.350.MeV.n_8, Bgd_Ar.350.MeV.n_48, FociPerGy_Ar.350.MeV.n_48, FociPerGy_Fe.600.MeV.n_4, Bgd_Fe.600.MeV.n_8, FociPerGy_Fe.600.MeV.n_8, Bgd_Fe.600.MeV.n_24, Bgd_Fe.600.MeV.n_48, FociPerGy_Fe.600.MeV.n_48, Bgd_X.ray_4, FociPerGy_X.ray_4, Bgd_X.ray_24, FociPerGy_X.ray_24, FociPerGy_X.ray_48","Bgd_Si.350.MeV.n_48, FociPerGy_Si.350.MeV.n_48, FociPerGy_Ar.350.MeV.n_4, FociPerGy_Ar.350.MeV.n_8, Bgd_Ar.350.MeV.n_24, FociPerGy_Ar.350.MeV.n_24, Bgd_Fe.600.MeV.n_4, FociPerGy_Fe.600.MeV.n_24, Bgd_X.ray_48"
X12.113883619,17,0,17,,"FociPerGy_Si.350.MeV.n_4, Bgd_Si.350.MeV.n_24, FociPerGy_Si.350.MeV.n_24, Bgd_Si.350.MeV.n_48, FociPerGy_Si.350.MeV.n_48, FociPerGy_Ar.350.MeV.n_4, Bgd_Ar.350.MeV.n_8, FociPerGy_Ar.350.MeV.n_8, Bgd_Ar.350.MeV.n_24, FociPerGy_Ar.350.MeV.n_24, Bgd_Ar.350.MeV.n_48, Bgd_Fe.600.MeV.n_4, Bgd_Fe.600.MeV.n_8, FociPerGy_Fe.600.MeV.n_48, Bgd_X.ray_4, FociPerGy_X.ray_24, Bgd_X.ray_48","Bgd_Si.350.MeV.n_4, Bgd_Si.350.MeV.n_8, FociPerGy_Si.350.MeV.n_8, Bgd_Ar.350.MeV.n_4, FociPerGy_Ar.350.MeV.n_48, FociPerGy_Fe.600.MeV.n_4, FociPerGy_Fe.600.MeV.n_8, Bgd_Fe.600.MeV.n_24, FociPerGy_Fe.600.MeV.n_24, Bgd_Fe.600.MeV.n_48, FociPerGy_X.ray_4, Bgd_X.ray_24, FociPerGy_X.ray_48"
X12.46115764,16,0,16,,"Bgd_Si.350.MeV.n_4, FociPerGy_Si.350.MeV.n_4, Bgd_Si.350.MeV.n_8, FociPerGy_Si.350.MeV.n_8, FociPerGy_Si.350.MeV.n_24, Bgd_Si.350.MeV.n_48, FociPerGy_Si.350.MeV.n_48, FociPerGy_Ar.350.MeV.n_4, Bgd_Ar.350.MeV.n_8, FociPerGy_Ar.350.MeV.n_8, FociPerGy_Ar.350.MeV.n_24, Bgd_Ar.350.MeV.n_48, FociPerGy_Ar.350.MeV.n_48, Bgd_Fe.600.MeV.n_8, Bgd_Fe.600.MeV.n_24, FociPerGy_X.ray_4","Bgd_Si.350.MeV.n_24, Bgd_Ar.350.MeV.n_4, Bgd_Ar.350.MeV.n_24, Bgd_Fe.600.MeV.n_4, FociPerGy_Fe.600.MeV.n_4, FociPerGy_Fe.600.MeV.n_8, FociPerGy_Fe.600.MeV.n_24, Bgd_Fe.600.MeV.n_48, FociPerGy_Fe.600.MeV.n_48, Bgd_X.ray_4, Bgd_X.ray_24, FociPerGy_X.ray_24, Bgd_X.ray_48, FociPerGy_X.ray_48"
X12.58594119,15,0,15,,"Bgd_Si.350.MeV.n_8, Bgd_Si.350.MeV.n_24, FociPerGy_Si.350.MeV.n_24, Bgd_Si.350.MeV.n_48, Bgd_Ar.350.MeV.n_8, FociPerGy_Ar.350.MeV.n_8, Bgd_Ar.350.MeV.n_24, FociPerGy_Fe.600.MeV.n_4, Bgd_Fe.600.MeV.n_8, FociPerGy_Fe.600.MeV.n_8, Bgd_Fe.600.MeV.n_24, FociPerGy_Fe.600.MeV.n_24, FociPerGy_Fe.600.MeV.n_48, FociPerGy_X.ray_4, FociPerGy_X.ray_24","Bgd_Si.350.MeV.n_4, FociPerGy_Si.350.MeV.n_4, FociPerGy_Si.350.MeV.n_8, FociPerGy_Si.350.MeV.n_48, Bgd_Ar.350.MeV.n_4, FociPerGy_Ar.350.MeV.n_4, FociPerGy_Ar.350.MeV.n_24, Bgd_Ar.350.MeV.n_48, FociPerGy_Ar.350.MeV.n_48, Bgd_Fe.600.MeV.n_4, Bgd_Fe.600.MeV.n_48, Bgd_X.ray_4, Bgd_X.ray_24, Bgd_X.ray_48, FociPerGy_X.ray_48"
X13.39979535,20,1,19,X9.72766774,"Bgd_Si.350.MeV.n_4, FociPerGy_Si.350.MeV.n_4, Bgd_Si.350.MeV.n_8, Bgd_Si.350.MeV.n_24, FociPerGy_Si.350.MeV.n_48, Bgd_Ar.350.MeV.n_4, FociPerGy_Ar.350.MeV.n_4, Bgd_Ar.350.MeV.n_8, Bgd_Ar.350.MeV.n_24, FociPerGy_Ar.350.MeV.n_24, Bgd_Ar.350.MeV.n_48, FociPerGy_Ar.350.MeV.n_48, Bgd_Fe.600.MeV.n_4, FociPerGy_Fe.600.MeV.n_4, Bgd_Fe.600.MeV.n_8, Bgd_Fe.600.MeV.n_48, Bgd_X.ray_4, FociPerGy_X.ray_24, Bgd_X.ray_48","FociPerGy_Si.350.MeV.n_8, FociPerGy_Si.350.MeV.n_24, Bgd_Si.350.MeV.n_48, FociPerGy_Ar.350.MeV.n_8, FociPerGy_Fe.600.MeV.n_8, Bgd_Fe.600.MeV.n_24, FociPerGy_Fe.600.MeV.n_24, FociPerGy_Fe.600.MeV.n_48, FociPerGy_X.ray_4, Bgd_X.ray_24, FociPerGy_X.ray_48"
X14.102808854,20,1,19,X7.111783510,"Bgd_Si.350.MeV.n_8, FociPerGy_Si.350.MeV.n_8, Bgd_Si.350.MeV.n_24, FociPerGy_Si.350.MeV.n_48, FociPerGy_Ar.350.MeV.n_4, Bgd_Ar.350.MeV.n_8, FociPerGy_Ar.350.MeV.n_8, Bgd_Ar.350.MeV.n_48, FociPerGy_Ar.350.MeV.n_48, Bgd_Fe.600.MeV.n_4, FociPerGy_Fe.600.MeV.n_4, Bgd_Fe.600.MeV.n_8, FociPerGy_Fe.600.MeV.n_8, Bgd_Fe.600.MeV.n_24, FociPerGy_Fe.600.MeV.n_24, FociPerGy_Fe.600.MeV.n_48, Bgd_X.ray_4, FociPerGy_X.ray_4, FociPerGy_X.ray_48","Bgd_Si.350.MeV.n_4, FociPerGy_Si.350.MeV.n_4, FociPerGy_Si.350.MeV.n_24, Bgd_Si.350.MeV.n_48, Bgd_Ar.350.MeV.n_4, Bgd_Ar.350.MeV.n_24, FociPerGy_Ar.350.MeV.n_24, Bgd_Fe.600.MeV.n_48, Bgd_X.ray_24, FociPerGy_X.ray_24, Bgd_X.ray_48"
X14.107994347,14,0,14,,"Bgd_Si.350.MeV.n_8, FociPerGy_Si.350.MeV.n_8, FociPerGy_Si.350.MeV.n_24, FociPerGy_Si.350.MeV.n_48, FociPerGy_Ar.350.MeV.n_4, Bgd_Ar.350.MeV.n_8, FociPerGy_Ar.350.MeV.n_8, FociPerGy_Ar.350.MeV.n_24, Bgd_Ar.350.MeV.n_48, Bgd_Fe.600.MeV.n_8, Bgd_Fe.600.MeV.n_24, Bgd_Fe.600.MeV.n_48, Bgd_X.ray_4, Bgd_X.ray_24","Bgd_Si.350.MeV.n_4, FociPerGy_Si.350.MeV.n_4, Bgd_Si.350.MeV.n_24, Bgd_Si.350.MeV.n_48, Bgd_Ar.350.MeV.n_4, Bgd_Ar.350.MeV.n_24, FociPerGy_Ar.350.MeV.n_48, Bgd_Fe.600.MeV.n_4, FociPerGy_Fe.600.MeV.n_4, FociPerGy_Fe.600.MeV.n_8, FociPerGy_Fe.600.MeV.n_24, FociPerGy_Fe.600.MeV.n_48, FociPerGy_X.ray_4, FociPerGy_X.ray_24, Bgd_X.ray_48, FociPerGy_X.ray_48"
X14.14739962,22,0,22,,"Bgd_Si.350.MeV.n_4, FociPerGy_Si.350.MeV.n_8, Bgd_Si.350.MeV.n_24, Bgd_Si.350.MeV.n_48, FociPerGy_Si.350.MeV.n_48, Bgd_Ar.350.MeV.n_8, Bgd_Ar.350.MeV.n_24, FociPerGy_Ar.350.MeV.n_24, Bgd_Ar.350.MeV.n_48, FociPerGy_Ar.350.MeV.n_48, Bgd_Fe.600.MeV.n_4, Bgd_Fe.600.MeV.n_8, FociPerGy_Fe.600.MeV.n_8, Bgd_Fe.600.MeV.n_24, FociPerGy_Fe.600.MeV.n_24, Bgd_Fe.600.MeV.n_48, FociPerGy_Fe.600.MeV.n_48, Bgd_X.ray_4, FociPerGy_X.ray_4, FociPerGy_X.ray_24, Bgd_X.ray_48, FociPerGy_X.ray_48","FociPerGy_Si.350.MeV.n_4, Bgd_Si.350.MeV.n_8, FociPerGy_Si.350.MeV.n_24, Bgd_Ar.350.MeV.n_4, FociPerGy_Ar.350.MeV.n_4, FociPerGy_Ar.350.MeV.n_8, FociPerGy_Fe.600.MeV.n_4, Bgd_X.ray_24"
X14.48553214,24,2,22,"X1.188051568, X7.133996942","Bgd_Si.350.MeV.n_4, FociPerGy_Si.350.MeV.n_4, Bgd_Si.350.MeV.n_8, FociPerGy_Si.350.MeV.n_24, Bgd_Si.350.MeV.n_48, FociPerGy_Si.350.MeV.n_48, Bgd_Ar.350.MeV.n_4, FociPerGy_Ar.350.MeV.n_4, Bgd_Ar.350.MeV.n_8, FociPerGy_Ar.350.MeV.n_8, Bgd_Ar.350.MeV.n_24, Bgd_Ar.350.MeV.n_48, FociPerGy_Ar.350.MeV.n_48, FociPerGy_Fe.600.MeV.n_8, Bgd_Fe.600.MeV.n_24, FociPerGy_Fe.600.MeV.n_24, Bgd_Fe.600.MeV.n_48, FociPerGy_Fe.600.MeV.n_48, Bgd_X.ray_4, Bgd_X.ray_24, FociPerGy_X.ray_24, FociPerGy_X.ray_48","FociPerGy_Si.350.MeV.n_8, Bgd_Si.350.MeV.n_24, FociPerGy_Ar.350.MeV.n_24, Bgd_Fe.600.MeV.n_4, FociPerGy_Fe.600.MeV.n_4, Bgd_Fe.600.MeV.n_8, FociPerGy_X.ray_4, Bgd_X.ray_48"
X15.101084687,21,0,21,,"Bgd_Si.350.MeV.n_8, FociPerGy_Si.350.MeV.n_8, Bgd_Si.350.MeV.n_24, Bgd_Si.350.MeV.n_48, FociPerGy_Si.350.MeV.n_48, Bgd_Ar.350.MeV.n_4, FociPerGy_Ar.350.MeV.n_4, Bgd_Ar.350.MeV.n_24, Bgd_Ar.350.MeV.n_48, FociPerGy_Ar.350.MeV.n_48, Bgd_Fe.600.MeV.n_4, Bgd_Fe.600.MeV.n_8, FociPerGy_Fe.600.MeV.n_8, Bgd_Fe.600.MeV.n_24, FociPerGy_Fe.600.MeV.n_24, Bgd_Fe.600.MeV.n_48, FociPerGy_Fe.600.MeV.n_48, Bgd_X.ray_4, FociPerGy_X.ray_4, Bgd_X.ray_24, FociPerGy_X.ray_48","Bgd_Si.350.MeV.n_4, FociPerGy_Si.350.MeV.n_4, FociPerGy_Si.350.MeV.n_24, Bgd_Ar.350.MeV.n_8, FociPerGy_Ar.350.MeV.n_8, FociPerGy_Ar.350.MeV.n_24, FociPerGy_Fe.600.MeV.n_4, FociPerGy_X.ray_24, Bgd_X.ray_48"
X15.101282904,21,1,20,X2.7685376,"Bgd_Si.350.MeV.n_4, FociPerGy_Si.350.MeV.n_4, Bgd_Si.350.MeV.n_8, Bgd_Si.350.MeV.n_24, FociPerGy_Si.350.MeV.n_24, Bgd_Si.350.MeV.n_48, FociPerGy_Si.350.MeV.n_48, FociPerGy_Ar.350.MeV.n_4, FociPerGy_Ar.350.MeV.n_8, Bgd_Ar.350.MeV.n_24, FociPerGy_Ar.350.MeV.n_24, Bgd_Fe.600.MeV.n_4, FociPerGy_Fe.600.MeV.n_4, FociPerGy_Fe.600.MeV.n_8, Bgd_Fe.600.MeV.n_24, Bgd_Fe.600.MeV.n_48, FociPerGy_Fe.600.MeV.n_48, FociPerGy_X.ray_4, Bgd_X.ray_24, FociPerGy_X.ray_48","FociPerGy_Si.350.MeV.n_8, Bgd_Ar.350.MeV.n_4, Bgd_Ar.350.MeV.n_8, Bgd_Ar.350.MeV.n_48, FociPerGy_Ar.350.MeV.n_48, Bgd_Fe.600.MeV.n_8, FociPerGy_Fe.600.MeV.n_24, Bgd_X.ray_4, FociPerGy_X.ray_24, Bgd_X.ray_48"
X15.22798365,15,0,15,,"Bgd_Si.350.MeV.n_4, FociPerGy_Si.350.MeV.n_4, FociPerGy_Si.350.MeV.n_8, Bgd_Si.350.MeV.n_24, Bgd_Ar.350.MeV.n_4, Bgd_Ar.350.MeV.n_8, FociPerGy_Ar.350.MeV.n_8, Bgd_Ar.350.MeV.n_24, FociPerGy_Ar.350.MeV.n_24, Bgd_Ar.350.MeV.n_48, FociPerGy_Ar.350.MeV.n_48, Bgd_Fe.600.MeV.n_8, FociPerGy_Fe.600.MeV.n_8, FociPerGy_Fe.600.MeV.n_48, Bgd_X.ray_24","Bgd_Si.350.MeV.n_8, FociPerGy_Si.350.MeV.n_24, Bgd_Si.350.MeV.n_48, FociPerGy_Si.350.MeV.n_48, FociPerGy_Ar.350.MeV.n_4, Bgd_Fe.600.MeV.n_4, FociPerGy_Fe.600.MeV.n_4, Bgd_Fe.600.MeV.n_24, FociPerGy_Fe.600.MeV.n_24, Bgd_Fe.600.MeV.n_48, Bgd_X.ray_4, FociPerGy_X.ray_4, FociPerGy_X.ray_24, Bgd_X.ray_48, FociPerGy_X.ray_48"
X15.46986754,20,0,20,,"Bgd_Si.350.MeV.n_4, FociPerGy_Si.350.MeV.n_4, Bgd_Si.350.MeV.n_24, FociPerGy_Si.350.MeV.n_24, Bgd_Si.350.MeV.n_48, FociPerGy_Si.350.MeV.n_48, Bgd_Ar.350.MeV.n_4, FociPerGy_Ar.350.MeV.n_4, FociPerGy_Ar.350.MeV.n_8, Bgd_Ar.350.MeV.n_24, Bgd_Ar.350.MeV.n_48, FociPerGy_Ar.350.MeV.n_48, FociPerGy_Fe.600.MeV.n_4, Bgd_Fe.600.MeV.n_8, Bgd_Fe.600.MeV.n_24, Bgd_Fe.600.MeV.n_48, FociPerGy_Fe.600.MeV.n_48, Bgd_X.ray_24, Bgd_X.ray_48, FociPerGy_X.ray_48","Bgd_Si.350.MeV.n_8, FociPerGy_Si.350.MeV.n_8, Bgd_Ar.350.MeV.n_8, FociPerGy_Ar.350.MeV.n_24, Bgd_Fe.600.MeV.n_4, FociPerGy_Fe.600.MeV.n_8, FociPerGy_Fe.600.MeV.n_24, Bgd_X.ray_4, FociPerGy_X.ray_4, FociPerGy_X.ray_24"
X15.57835483,19,1,18,X17.48487592,"Bgd_Si.350.MeV.n_4, Bgd_Si.350.MeV.n_8, FociPerGy_Si.350.MeV.n_24, Bgd_Si.350.MeV.n_48, FociPerGy_Si.350.MeV.n_48, FociPerGy_Ar.350.MeV.n_4, Bgd_Ar.350.MeV.n_8, FociPerGy_Ar.350.MeV.n_8, FociPerGy_Ar.350.MeV.n_24, Bgd_Ar.350.MeV.n_48, Bgd_Fe.600.MeV.n_8, Bgd_Fe.600.MeV.n_48, Bgd_X.ray_4, FociPerGy_X.ray_4, Bgd_X.ray_24, FociPerGy_X.ray_24, Bgd_X.ray_48, FociPerGy_X.ray_48","FociPerGy_Si.350.MeV.n_4, FociPerGy_Si.350.MeV.n_8, Bgd_Si.350.MeV.n_24, Bgd_Ar.350.MeV.n_4, Bgd_Ar.350.MeV.n_24, FociPerGy_Ar.350.MeV.n_48, Bgd_Fe.600.MeV.n_4, FociPerGy_Fe.600.MeV.n_4, FociPerGy_Fe.600.MeV.n_8, Bgd_Fe.600.MeV.n_24, FociPerGy_Fe.600.MeV.n_24, FociPerGy_Fe.600.MeV.n_48"
X15.75750109,17,0,17,,"FociPerGy_Si.350.MeV.n_4, Bgd_Si.350.MeV.n_8, Bgd_Si.350.MeV.n_24, FociPerGy_Si.350.MeV.n_24, Bgd_Si.350.MeV.n_48, FociPerGy_Si.350.MeV.n_48, Bgd_Ar.350.MeV.n_8, FociPerGy_Ar.350.MeV.n_8, Bgd_Ar.350.MeV.n_24, Bgd_Ar.350.MeV.n_48, Bgd_Fe.600.MeV.n_4, FociPerGy_Fe.600.MeV.n_8, FociPerGy_Fe.600.MeV.n_24, Bgd_Fe.600.MeV.n_48, FociPerGy_X.ray_24, Bgd_X.ray_48, FociPerGy_X.ray_48","Bgd_Si.350.MeV.n_4, FociPerGy_Si.350.MeV.n_8, Bgd_Ar.350.MeV.n_4, FociPerGy_Ar.350.MeV.n_4, FociPerGy_Ar.350.MeV.n_24, FociPerGy_Ar.350.MeV.n_48, FociPerGy_Fe.600.MeV.n_4, Bgd_Fe.600.MeV.n_8, Bgd_Fe.600.MeV.n_24, FociPerGy_Fe.600.MeV.n_48, Bgd_X.ray_4, FociPerGy_X.ray_4, Bgd_X.ray_24"
X15.87687859,21,2,19,"X2.143804014, X2.7685376","Bgd_Si.350.MeV.n_4, Bgd_Si.350.MeV.n_8, FociPerGy_Si.350.MeV.n_8, FociPerGy_Si.350.MeV.n_24, FociPerGy_Si.350.MeV.n_48, FociPerGy_Ar.350.MeV.n_4, Bgd_Ar.350.MeV.n_8, FociPerGy_Ar.350.MeV.n_8, Bgd_Ar.350.MeV.n_24, FociPerGy_Ar.350.MeV.n_24, FociPerGy_Fe.600.MeV.n_4, FociPerGy_Fe.600.MeV.n_8, Bgd_Fe.600.MeV.n_24, FociPerGy_Fe.600.MeV.n_24, Bgd_Fe.600.MeV.n_48, FociPerGy_Fe.600.MeV.n_48, Bgd_X.ray_4, FociPerGy_X.ray_4, Bgd_X.ray_24","FociPerGy_Si.350.MeV.n_4, Bgd_Si.350.MeV.n_24, Bgd_Si.350.MeV.n_48, Bgd_Ar.350.MeV.n_4, Bgd_Ar.350.MeV.n_48, FociPerGy_Ar.350.MeV.n_48, Bgd_Fe.600.MeV.n_4, Bgd_Fe.600.MeV.n_8, FociPerGy_X.ray_24, Bgd_X.ray_48, FociPerGy_X.ray_48"
X15.90137744,20,0,20,,"Bgd_Si.350.MeV.n_8, FociPerGy_Si.350.MeV.n_8, Bgd_Si.350.MeV.n_24, FociPerGy_Si.350.MeV.n_24, FociPerGy_Ar.350.MeV.n_4, FociPerGy_Ar.350.MeV.n_8, Bgd_Ar.350.MeV.n_24, FociPerGy_Ar.350.MeV.n_24, Bgd_Fe.600.MeV.n_4, FociPerGy_Fe.600.MeV.n_4, Bgd_Fe.600.MeV.n_8, FociPerGy_Fe.600.MeV.n_8, Bgd_Fe.600.MeV.n_24, FociPerGy_Fe.600.MeV.n_24, Bgd_Fe.600.MeV.n_48, FociPerGy_Fe.600.MeV.n_48, Bgd_X.ray_4, FociPerGy_X.ray_4, FociPerGy_X.ray_24, FociPerGy_X.ray_48","Bgd_Si.350.MeV.n_4, FociPerGy_Si.350.MeV.n_4, Bgd_Si.350.MeV.n_48, FociPerGy_Si.350.MeV.n_48, Bgd_Ar.350.MeV.n_4, Bgd_Ar.350.MeV.n_8, Bgd_Ar.350.MeV.n_48, FociPerGy_Ar.350.MeV.n_48, Bgd_X.ray_24, Bgd_X.ray_48"
X16.27700358,16,0,16,,"FociPerGy_Si.350.MeV.n_4, Bgd_Si.350.MeV.n_8, FociPerGy_Si.350.MeV.n_24, Bgd_Ar.350.MeV.n_4, FociPerGy_Ar.350.MeV.n_8, Bgd_Ar.350.MeV.n_24, Bgd_Ar.350.MeV.n_48, FociPerGy_Ar.350.MeV.n_48, Bgd_Fe.600.MeV.n_4, FociPerGy_Fe.600.MeV.n_4, FociPerGy_Fe.600.MeV.n_24, FociPerGy_Fe.600.MeV.n_48, Bgd_X.ray_4, Bgd_X.ray_24, Bgd_X.ray_48, FociPerGy_X.ray_48","Bgd_Si.350.MeV.n_4, FociPerGy_Si.350.MeV.n_8, Bgd_Si.350.MeV.n_24, Bgd_Si.350.MeV.n_48, FociPerGy_Si.350.MeV.n_48, FociPerGy_Ar.350.MeV.n_4, Bgd_Ar.350.MeV.n_8, FociPerGy_Ar.350.MeV.n_24, Bgd_Fe.600.MeV.n_8, FociPerGy_Fe.600.MeV.n_8, Bgd_Fe.600.MeV.n_24, Bgd_Fe.600.MeV.n_48, FociPerGy_X.ray_4, FociPerGy_X.ray_24"
X16.42296668,23,0,23,,"Bgd_Si.350.MeV.n_4, Bgd_Si.350.MeV.n_8, FociPerGy_Si.350.MeV.n_8, Bgd_Si.350.MeV.n_24, FociPerGy_Si.350.MeV.n_24, Bgd_Si.350.MeV.n_48, FociPerGy_Si.350.MeV.n_48, Bgd_Ar.350.MeV.n_4, FociPerGy_Ar.350.MeV.n_4, Bgd_Ar.350.MeV.n_8, FociPerGy_Ar.350.MeV.n_8, Bgd_Ar.350.MeV.n_24, FociPerGy_Ar.350.MeV.n_24, Bgd_Ar.350.MeV.n_48, FociPerGy_Ar.350.MeV.n_48, Bgd_Fe.600.MeV.n_4, Bgd_Fe.600.MeV.n_8, Bgd_Fe.600.MeV.n_24, Bgd_Fe.600.MeV.n_48, Bgd_X.ray_4, Bgd_X.ray_24, Bgd_X.ray_48, FociPerGy_X.ray_48","FociPerGy_Si.350.MeV.n_4, FociPerGy_Fe.600.MeV.n_4, FociPerGy_Fe.600.MeV.n_8, FociPerGy_Fe.600.MeV.n_24, FociPerGy_Fe.600.MeV.n_48, FociPerGy_X.ray_4, FociPerGy_X.ray_24"
X16.56920652,19,1,18,X16.57520520,"FociPerGy_Si.350.MeV.n_4, Bgd_Si.350.MeV.n_8, Bgd_Si.350.MeV.n_48, FociPerGy_Si.350.MeV.n_48, FociPerGy_Ar.350.MeV.n_4, Bgd_Ar.350.MeV.n_24, FociPerGy_Ar.350.MeV.n_24, Bgd_Ar.350.MeV.n_48, Bgd_Fe.600.MeV.n_4, FociPerGy_Fe.600.MeV.n_4, Bgd_Fe.600.MeV.n_8, Bgd_Fe.600.MeV.n_24, Bgd_Fe.600.MeV.n_48, FociPerGy_Fe.600.MeV.n_48, Bgd_X.ray_4, FociPerGy_X.ray_4, Bgd_X.ray_48, FociPerGy_X.ray_48","Bgd_Si.350.MeV.n_4, FociPerGy_Si.350.MeV.n_8, Bgd_Si.350.MeV.n_24, FociPerGy_Si.350.MeV.n_24, Bgd_Ar.350.MeV.n_4, Bgd_Ar.350.MeV.n_8, FociPerGy_Ar.350.MeV.n_8, FociPerGy_Ar.350.MeV.n_48, FociPerGy_Fe.600.MeV.n_8, FociPerGy_Fe.600.MeV.n_24, Bgd_X.ray_24, FociPerGy_X.ray_24"
X16.57520520,19,1,18,X16.56920652,"FociPerGy_Si.350.MeV.n_4, Bgd_Si.350.MeV.n_8, Bgd_Si.350.MeV.n_48, FociPerGy_Si.350.MeV.n_48, FociPerGy_Ar.350.MeV.n_4, Bgd_Ar.350.MeV.n_24, FociPerGy_Ar.350.MeV.n_24, Bgd_Ar.350.MeV.n_48, Bgd_Fe.600.MeV.n_4, FociPerGy_Fe.600.MeV.n_4, Bgd_Fe.600.MeV.n_8, Bgd_Fe.600.MeV.n_24, Bgd_Fe.600.MeV.n_48, FociPerGy_Fe.600.MeV.n_48, Bgd_X.ray_4, FociPerGy_X.ray_4, Bgd_X.ray_48, FociPerGy_X.ray_48","Bgd_Si.350.MeV.n_4, FociPerGy_Si.350.MeV.n_8, Bgd_Si.350.MeV.n_24, FociPerGy_Si.350.MeV.n_24, Bgd_Ar.350.MeV.n_4, Bgd_Ar.350.MeV.n_8, FociPerGy_Ar.350.MeV.n_8, FociPerGy_Ar.350.MeV.n_48, FociPerGy_Fe.600.MeV.n_8, FociPerGy_Fe.600.MeV.n_24, Bgd_X.ray_24, FociPerGy_X.ray_24"
X17.43251322,23,1,22,X5.70537896,"Bgd_Si.350.MeV.n_4, FociPerGy_Si.350.MeV.n_4, Bgd_Si.350.MeV.n_8, Bgd_Si.350.MeV.n_24, FociPerGy_Si.350.MeV.n_24, Bgd_Si.350.MeV.n_48, FociPerGy_Si.350.MeV.n_48, Bgd_Ar.350.MeV.n_4, FociPerGy_Ar.350.MeV.n_4, Bgd_Ar.350.MeV.n_8, FociPerGy_Ar.350.MeV.n_8, Bgd_Ar.350.MeV.n_24, Bgd_Ar.350.MeV.n_48, Bgd_Fe.600.MeV.n_4, Bgd_Fe.600.MeV.n_8, FociPerGy_Fe.600.MeV.n_8, Bgd_Fe.600.MeV.n_24, FociPerGy_Fe.600.MeV.n_24, FociPerGy_Fe.600.MeV.n_48, FociPerGy_X.ray_4, Bgd_X.ray_24, Bgd_X.ray_48","FociPerGy_Si.350.MeV.n_8, FociPerGy_Ar.350.MeV.n_24, FociPerGy_Ar.350.MeV.n_48, FociPerGy_Fe.600.MeV.n_4, Bgd_Fe.600.MeV.n_48, Bgd_X.ray_4, FociPerGy_X.ray_24, FociPerGy_X.ray_48"
X17.48487592,19,1,18,X15.57835483,"FociPerGy_Si.350.MeV.n_4, Bgd_Si.350.MeV.n_8, Bgd_Si.350.MeV.n_24, FociPerGy_Si.350.MeV.n_24, Bgd_Si.350.MeV.n_48, FociPerGy_Si.350.MeV.n_48, FociPerGy_Ar.350.MeV.n_4, Bgd_Ar.350.MeV.n_8, FociPerGy_Ar.350.MeV.n_8, Bgd_Ar.350.MeV.n_24, FociPerGy_Ar.350.MeV.n_24, Bgd_Ar.350.MeV.n_48, FociPerGy_Ar.350.MeV.n_48, Bgd_Fe.600.MeV.n_8, FociPerGy_Fe.600.MeV.n_24, Bgd_Fe.600.MeV.n_48, Bgd_X.ray_4, Bgd_X.ray_48","Bgd_Si.350.MeV.n_4, FociPerGy_Si.350.MeV.n_8, Bgd_Ar.350.MeV.n_4, Bgd_Fe.600.MeV.n_4, FociPerGy_Fe.600.MeV.n_4, FociPerGy_Fe.600.MeV.n_8, Bgd_Fe.600.MeV.n_24, FociPerGy_Fe.600.MeV.n_48, FociPerGy_X.ray_4, Bgd_X.ray_24, FociPerGy_X.ray_24, FociPerGy_X.ray_48"
X17.53465831,15,0,15,,"Bgd_Si.350.MeV.n_4, FociPerGy_Si.350.MeV.n_8, FociPerGy_Si.350.MeV.n_24, Bgd_Si.350.MeV.n_48, FociPerGy_Si.350.MeV.n_48, Bgd_Ar.350.MeV.n_4, FociPerGy_Ar.350.MeV.n_4, FociPerGy_Ar.350.MeV.n_8, FociPerGy_Ar.350.MeV.n_24, FociPerGy_Ar.350.MeV.n_48, Bgd_Fe.600.MeV.n_4, FociPerGy_Fe.600.MeV.n_8, Bgd_Fe.600.MeV.n_24, Bgd_X.ray_48, FociPerGy_X.ray_48","FociPerGy_Si.350.MeV.n_4, Bgd_Si.350.MeV.n_8, Bgd_Si.350.MeV.n_24, Bgd_Ar.350.MeV.n_8, Bgd_Ar.350.MeV.n_24, Bgd_Ar.350.MeV.n_48, FociPerGy_Fe.600.MeV.n_4, Bgd_Fe.600.MeV.n_8, FociPerGy_Fe.600.MeV.n_24, Bgd_Fe.600.MeV.n_48, FociPerGy_Fe.600.MeV.n_48, Bgd_X.ray_4, FociPerGy_X.ray_4, Bgd_X.ray_24, FociPerGy_X.ray_24"
X18.82797901,22,0,22,,"Bgd_Si.350.MeV.n_4, FociPerGy_Si.350.MeV.n_4, FociPerGy_Si.350.MeV.n_8, Bgd_Si.350.MeV.n_24, FociPerGy_Si.350.MeV.n_24, FociPerGy_Si.350.MeV.n_48, Bgd_Ar.350.MeV.n_4, FociPerGy_Ar.350.MeV.n_4, FociPerGy_Ar.350.MeV.n_8, Bgd_Ar.350.MeV.n_24, FociPerGy_Ar.350.MeV.n_24, Bgd_Ar.350.MeV.n_48, Bgd_Fe.600.MeV.n_4, Bgd_Fe.600.MeV.n_8, FociPerGy_Fe.600.MeV.n_8, Bgd_Fe.600.MeV.n_24, FociPerGy_Fe.600.MeV.n_48, Bgd_X.ray_4, FociPerGy_X.ray_4, Bgd_X.ray_24, FociPerGy_X.ray_24, FociPerGy_X.ray_48","Bgd_Si.350.MeV.n_8, Bgd_Si.350.MeV.n_48, Bgd_Ar.350.MeV.n_8, FociPerGy_Ar.350.MeV.n_48, FociPerGy_Fe.600.MeV.n_4, FociPerGy_Fe.600.MeV.n_24, Bgd_Fe.600.MeV.n_48, Bgd_X.ray_48"
X18.84264931,20,0,20,,"Bgd_Si.350.MeV.n_4, FociPerGy_Si.350.MeV.n_4, Bgd_Ar.350.MeV.n_4, FociPerGy_Ar.350.MeV.n_4, Bgd_Ar.350.MeV.n_8, FociPerGy_Ar.350.MeV.n_8, Bgd_Ar.350.MeV.n_24, Bgd_Ar.350.MeV.n_48, FociPerGy_Ar.350.MeV.n_48, FociPerGy_Fe.600.MeV.n_4, Bgd_Fe.600.MeV.n_8, Bgd_Fe.600.MeV.n_24, FociPerGy_Fe.600.MeV.n_24, Bgd_Fe.600.MeV.n_48, FociPerGy_Fe.600.MeV.n_48, Bgd_X.ray_4, FociPerGy_X.ray_4, Bgd_X.ray_24, FociPerGy_X.ray_24, Bgd_X.ray_48","Bgd_Si.350.MeV.n_8, FociPerGy_Si.350.MeV.n_8, Bgd_Si.350.MeV.n_24, FociPerGy_Si.350.MeV.n_24, Bgd_Si.350.MeV.n_48, FociPerGy_Si.350.MeV.n_48, FociPerGy_Ar.350.MeV.n_24, Bgd_Fe.600.MeV.n_4, FociPerGy_Fe.600.MeV.n_8, FociPerGy_X.ray_48"
X18.84574117,18,0,18,,"FociPerGy_Si.350.MeV.n_4, Bgd_Si.350.MeV.n_8, FociPerGy_Si.350.MeV.n_8, Bgd_Si.350.MeV.n_24, FociPerGy_Si.350.MeV.n_24, Bgd_Si.350.MeV.n_48, Bgd_Ar.350.MeV.n_4, Bgd_Ar.350.MeV.n_8, FociPerGy_Ar.350.MeV.n_8, Bgd_Ar.350.MeV.n_24, FociPerGy_Ar.350.MeV.n_24, Bgd_Ar.350.MeV.n_48, FociPerGy_Ar.350.MeV.n_48, Bgd_Fe.600.MeV.n_8, FociPerGy_Fe.600.MeV.n_8, Bgd_X.ray_4, FociPerGy_X.ray_4, Bgd_X.ray_48","Bgd_Si.350.MeV.n_4, FociPerGy_Si.350.MeV.n_48, FociPerGy_Ar.350.MeV.n_4, Bgd_Fe.600.MeV.n_4, FociPerGy_Fe.600.MeV.n_4, Bgd_Fe.600.MeV.n_24, FociPerGy_Fe.600.MeV.n_24, Bgd_Fe.600.MeV.n_48, FociPerGy_Fe.600.MeV.n_48, Bgd_X.ray_24, FociPerGy_X.ray_24, FociPerGy_X.ray_48"
X19.28816983,19,0,19,,"Bgd_Si.350.MeV.n_4, Bgd_Si.350.MeV.n_8, FociPerGy_Si.350.MeV.n_8, FociPerGy_Si.350.MeV.n_24, Bgd_Si.350.MeV.n_48, FociPerGy_Ar.350.MeV.n_4, Bgd_Ar.350.MeV.n_8, FociPerGy_Ar.350.MeV.n_8, FociPerGy_Ar.350.MeV.n_24, Bgd_Ar.350.MeV.n_48, FociPerGy_Ar.350.MeV.n_48, Bgd_Fe.600.MeV.n_8, FociPerGy_Fe.600.MeV.n_8, FociPerGy_Fe.600.MeV.n_24, Bgd_Fe.600.MeV.n_48, FociPerGy_Fe.600.MeV.n_48, Bgd_X.ray_4, FociPerGy_X.ray_4, Bgd_X.ray_48","FociPerGy_Si.350.MeV.n_4, Bgd_Si.350.MeV.n_24, FociPerGy_Si.350.MeV.n_48, Bgd_Ar.350.MeV.n_4, Bgd_Ar.350.MeV.n_24, Bgd_Fe.600.MeV.n_4, FociPerGy_Fe.600.MeV.n_4, Bgd_Fe.600.MeV.n_24, Bgd_X.ray_24, FociPerGy_X.ray_24, FociPerGy_X.ray_48"
X19.35823792,22,0,22,,"Bgd_Si.350.MeV.n_4, FociPerGy_Si.350.MeV.n_4, Bgd_Si.350.MeV.n_8, Bgd_Si.350.MeV.n_24, FociPerGy_Si.350.MeV.n_24, Bgd_Si.350.MeV.n_48, FociPerGy_Si.350.MeV.n_48, Bgd_Ar.350.MeV.n_8, FociPerGy_Ar.350.MeV.n_8, Bgd_Ar.350.MeV.n_24, FociPerGy_Ar.350.MeV.n_24, FociPerGy_Ar.350.MeV.n_48, FociPerGy_Fe.600.MeV.n_4, Bgd_Fe.600.MeV.n_8, FociPerGy_Fe.600.MeV.n_8, Bgd_Fe.600.MeV.n_24, FociPerGy_Fe.600.MeV.n_24, Bgd_Fe.600.MeV.n_48, Bgd_X.ray_4, Bgd_X.ray_24, Bgd_X.ray_48, FociPerGy_X.ray_48","FociPerGy_Si.350.MeV.n_8, Bgd_Ar.350.MeV.n_4, FociPerGy_Ar.350.MeV.n_4, Bgd_Ar.350.MeV.n_48, Bgd_Fe.600.MeV.n_4, FociPerGy_Fe.600.MeV.n_48, FociPerGy_X.ray_4, FociPerGy_X.ray_24"
X19.61012985,23,0,23,,"Bgd_Si.350.MeV.n_4, FociPerGy_Si.350.MeV.n_4, Bgd_Si.350.MeV.n_8, FociPerGy_Si.350.MeV.n_8, Bgd_Si.350.MeV.n_24, Bgd_Si.350.MeV.n_48, Bgd_Ar.350.MeV.n_4, FociPerGy_Ar.350.MeV.n_4, Bgd_Ar.350.MeV.n_8, Bgd_Ar.350.MeV.n_24, FociPerGy_Ar.350.MeV.n_24, Bgd_Ar.350.MeV.n_48, FociPerGy_Ar.350.MeV.n_48, Bgd_Fe.600.MeV.n_4, FociPerGy_Fe.600.MeV.n_4, Bgd_Fe.600.MeV.n_24, FociPerGy_Fe.600.MeV.n_24, Bgd_Fe.600.MeV.n_48, FociPerGy_Fe.600.MeV.n_48, FociPerGy_X.ray_4, Bgd_X.ray_24, FociPerGy_X.ray_24, FociPerGy_X.ray_48","FociPerGy_Si.350.MeV.n_24, FociPerGy_Si.350.MeV.n_48, FociPerGy_Ar.350.MeV.n_8, Bgd_Fe.600.MeV.n_8, FociPerGy_Fe.600.MeV.n_8, Bgd_X.ray_4, Bgd_X.ray_48"
X2.120332584,14,1,13,X11.29545002,"Bgd_Si.350.MeV.n_4, Bgd_Si.350.MeV.n_8, FociPerGy_Si.350.MeV.n_24, FociPerGy_Si.350.MeV.n_48, Bgd_Ar.350.MeV.n_8, Bgd_Ar.350.MeV.n_24, FociPerGy_Ar.350.MeV.n_24, FociPerGy_Fe.600.MeV.n_4, FociPerGy_Fe.600.MeV.n_24, Bgd_Fe.600.MeV.n_48, Bgd_X.ray_4, Bgd_X.ray_24, Bgd_X.ray_48","FociPerGy_Si.350.MeV.n_4, FociPerGy_Si.350.MeV.n_8, Bgd_Si.350.MeV.n_24, Bgd_Si.350.MeV.n_48, Bgd_Ar.350.MeV.n_4, FociPerGy_Ar.350.MeV.n_4, FociPerGy_Ar.350.MeV.n_8, Bgd_Ar.350.MeV.n_48, FociPerGy_Ar.350.MeV.n_48, Bgd_Fe.600.MeV.n_4, Bgd_Fe.600.MeV.n_8, FociPerGy_Fe.600.MeV.n_8, Bgd_Fe.600.MeV.n_24, FociPerGy_Fe.600.MeV.n_48, FociPerGy_X.ray_4, FociPerGy_X.ray_24, FociPerGy_X.ray_48"
X2.143804014,18,1,17,X15.87687859,"FociPerGy_Si.350.MeV.n_8, Bgd_Si.350.MeV.n_24, FociPerGy_Si.350.MeV.n_24, Bgd_Si.350.MeV.n_48, FociPerGy_Si.350.MeV.n_48, Bgd_Ar.350.MeV.n_4, Bgd_Ar.350.MeV.n_8, FociPerGy_Ar.350.MeV.n_8, Bgd_Ar.350.MeV.n_24, FociPerGy_Ar.350.MeV.n_24, FociPerGy_Ar.350.MeV.n_48, Bgd_Fe.600.MeV.n_8, Bgd_Fe.600.MeV.n_24, FociPerGy_Fe.600.MeV.n_24, FociPerGy_Fe.600.MeV.n_48, FociPerGy_X.ray_4, Bgd_X.ray_24","Bgd_Si.350.MeV.n_4, FociPerGy_Si.350.MeV.n_4, Bgd_Si.350.MeV.n_8, FociPerGy_Ar.350.MeV.n_4, Bgd_Ar.350.MeV.n_48, Bgd_Fe.600.MeV.n_4, FociPerGy_Fe.600.MeV.n_4, FociPerGy_Fe.600.MeV.n_8, Bgd_Fe.600.MeV.n_48, Bgd_X.ray_4, FociPerGy_X.ray_24, Bgd_X.ray_48, FociPerGy_X.ray_48"
X2.156938080,18,0,18,,"Bgd_Si.350.MeV.n_4, Bgd_Si.350.MeV.n_8, FociPerGy_Si.350.MeV.n_8, Bgd_Si.350.MeV.n_24, Bgd_Si.350.MeV.n_48, FociPerGy_Si.350.MeV.n_48, Bgd_Ar.350.MeV.n_4, Bgd_Ar.350.MeV.n_8, FociPerGy_Ar.350.MeV.n_8, FociPerGy_Ar.350.MeV.n_24, Bgd_Ar.350.MeV.n_48, Bgd_Fe.600.MeV.n_4, Bgd_Fe.600.MeV.n_8, Bgd_Fe.600.MeV.n_24, Bgd_Fe.600.MeV.n_48, FociPerGy_Fe.600.MeV.n_48, Bgd_X.ray_4, Bgd_X.ray_48","FociPerGy_Si.350.MeV.n_4, FociPerGy_Si.350.MeV.n_24, FociPerGy_Ar.350.MeV.n_4, Bgd_Ar.350.MeV.n_24, FociPerGy_Ar.350.MeV.n_48, FociPerGy_Fe.600.MeV.n_4, FociPerGy_Fe.600.MeV.n_8, FociPerGy_Fe.600.MeV.n_24, FociPerGy_X.ray_4, Bgd_X.ray_24, FociPerGy_X.ray_24, FociPerGy_X.ray_48"
X2.169384987,21,0,21,,"Bgd_Si.350.MeV.n_4, Bgd_Si.350.MeV.n_8, FociPerGy_Si.350.MeV.n_8, Bgd_Si.350.MeV.n_24, FociPerGy_Si.350.MeV.n_24, Bgd_Si.350.MeV.n_48, FociPerGy_Si.350.MeV.n_48, FociPerGy_Ar.350.MeV.n_4, Bgd_Ar.350.MeV.n_8, Bgd_Ar.350.MeV.n_24, Bgd_Ar.350.MeV.n_48, FociPerGy_Ar.350.MeV.n_48, Bgd_Fe.600.MeV.n_4, FociPerGy_Fe.600.MeV.n_4, FociPerGy_Fe.600.MeV.n_8, Bgd_Fe.600.MeV.n_24, FociPerGy_Fe.600.MeV.n_24, FociPerGy_X.ray_4, FociPerGy_X.ray_24, Bgd_X.ray_48, FociPerGy_X.ray_48","FociPerGy_Si.350.MeV.n_4, Bgd_Ar.350.MeV.n_4, FociPerGy_Ar.350.MeV.n_8, FociPerGy_Ar.350.MeV.n_24, Bgd_Fe.600.MeV.n_8, Bgd_Fe.600.MeV.n_48, FociPerGy_Fe.600.MeV.n_48, Bgd_X.ray_4, Bgd_X.ray_24"
X2.179252771,21,0,21,,"Bgd_Si.350.MeV.n_4, FociPerGy_Si.350.MeV.n_8, FociPerGy_Si.350.MeV.n_24, Bgd_Si.350.MeV.n_48, FociPerGy_Si.350.MeV.n_48, Bgd_Ar.350.MeV.n_4, FociPerGy_Ar.350.MeV.n_4, Bgd_Ar.350.MeV.n_8, FociPerGy_Ar.350.MeV.n_8, Bgd_Ar.350.MeV.n_24, FociPerGy_Ar.350.MeV.n_24, FociPerGy_Ar.350.MeV.n_48, Bgd_Fe.600.MeV.n_4, Bgd_Fe.600.MeV.n_8, Bgd_Fe.600.MeV.n_24, Bgd_Fe.600.MeV.n_48, FociPerGy_Fe.600.MeV.n_48, Bgd_X.ray_4, FociPerGy_X.ray_24, Bgd_X.ray_48, FociPerGy_X.ray_48","FociPerGy_Si.350.MeV.n_4, Bgd_Si.350.MeV.n_8, Bgd_Si.350.MeV.n_24, Bgd_Ar.350.MeV.n_48, FociPerGy_Fe.600.MeV.n_4, FociPerGy_Fe.600.MeV.n_8, FociPerGy_Fe.600.MeV.n_24, FociPerGy_X.ray_4, Bgd_X.ray_24"
X2.35023959,19,0,19,,"Bgd_Si.350.MeV.n_4, FociPerGy_Si.350.MeV.n_4, FociPerGy_Si.350.MeV.n_8, Bgd_Si.350.MeV.n_24, FociPerGy_Si.350.MeV.n_24, Bgd_Si.350.MeV.n_48, FociPerGy_Si.350.MeV.n_48, Bgd_Ar.350.MeV.n_4, FociPerGy_Ar.350.MeV.n_4, FociPerGy_Ar.350.MeV.n_8, Bgd_Ar.350.MeV.n_48, FociPerGy_Ar.350.MeV.n_48, Bgd_Fe.600.MeV.n_4, FociPerGy_Fe.600.MeV.n_8, Bgd_Fe.600.MeV.n_24, FociPerGy_Fe.600.MeV.n_24, Bgd_X.ray_4, FociPerGy_X.ray_24, FociPerGy_X.ray_48","Bgd_Si.350.MeV.n_8, Bgd_Ar.350.MeV.n_8, Bgd_Ar.350.MeV.n_24, FociPerGy_Ar.350.MeV.n_24, FociPerGy_Fe.600.MeV.n_4, Bgd_Fe.600.MeV.n_8, Bgd_Fe.600.MeV.n_48, FociPerGy_Fe.600.MeV.n_48, FociPerGy_X.ray_4, Bgd_X.ray_24, Bgd_X.ray_48"
X2.71507999,17,0,17,,"Bgd_Si.350.MeV.n_4, Bgd_Si.350.MeV.n_8, Bgd_Si.350.MeV.n_24, FociPerGy_Si.350.MeV.n_24, Bgd_Si.350.MeV.n_48, FociPerGy_Si.350.MeV.n_48, Bgd_Ar.350.MeV.n_4, FociPerGy_Ar.350.MeV.n_4, Bgd_Ar.350.MeV.n_8, FociPerGy_Ar.350.MeV.n_8, FociPerGy_Ar.350.MeV.n_24, Bgd_Fe.600.MeV.n_4, Bgd_Fe.600.MeV.n_8, FociPerGy_Fe.600.MeV.n_8, Bgd_Fe.600.MeV.n_24, Bgd_X.ray_24, Bgd_X.ray_48","FociPerGy_Si.350.MeV.n_4, FociPerGy_Si.350.MeV.n_8, Bgd_Ar.350.MeV.n_24, Bgd_Ar.350.MeV.n_48, FociPerGy_Ar.350.MeV.n_48, FociPerGy_Fe.600.MeV.n_4, FociPerGy_Fe.600.MeV.n_24, Bgd_Fe.600.MeV.n_48, FociPerGy_Fe.600.MeV.n_48, Bgd_X.ray_4, FociPerGy_X.ray_4, FociPerGy_X.ray_24, FociPerGy_X.ray_48"
X2.7685376,28,3,25,"X15.101282904, X15.87687859, X9.94131153","Bgd_Si.350.MeV.n_4, FociPerGy_Si.350.MeV.n_4, Bgd_Si.350.MeV.n_8, FociPerGy_Si.350.MeV.n_8, Bgd_Si.350.MeV.n_24, Bgd_Si.350.MeV.n_48, FociPerGy_Si.350.MeV.n_48, Bgd_Ar.350.MeV.n_4, FociPerGy_Ar.350.MeV.n_4, Bgd_Ar.350.MeV.n_8, FociPerGy_Ar.350.MeV.n_8, Bgd_Ar.350.MeV.n_24, FociPerGy_Ar.350.MeV.n_24, Bgd_Ar.350.MeV.n_48, Bgd_Fe.600.MeV.n_4, FociPerGy_Fe.600.MeV.n_4, Bgd_Fe.600.MeV.n_8, FociPerGy_Fe.600.MeV.n_8, Bgd_Fe.600.MeV.n_24, FociPerGy_Fe.600.MeV.n_24, Bgd_Fe.600.MeV.n_48, FociPerGy_Fe.600.MeV.n_48, FociPerGy_X.ray_4, Bgd_X.ray_48, FociPerGy_X.ray_48","FociPerGy_Si.350.MeV.n_24, FociPerGy_Ar.350.MeV.n_48, Bgd_X.ray_4, Bgd_X.ray_24, FociPerGy_X.ray_24"
X21.73353417,18,0,18,,"Bgd_Si.350.MeV.n_4, Bgd_Si.350.MeV.n_8, Bgd_Si.350.MeV.n_24, Bgd_Ar.350.MeV.n_4, FociPerGy_Ar.350.MeV.n_4, Bgd_Ar.350.MeV.n_8, FociPerGy_Ar.350.MeV.n_8, Bgd_Ar.350.MeV.n_24, Bgd_Ar.350.MeV.n_48, FociPerGy_Ar.350.MeV.n_48, Bgd_Fe.600.MeV.n_4, Bgd_Fe.600.MeV.n_8, FociPerGy_Fe.600.MeV.n_8, Bgd_Fe.600.MeV.n_24, Bgd_Fe.600.MeV.n_48, FociPerGy_Fe.600.MeV.n_48, Bgd_X.ray_4, Bgd_X.ray_48","FociPerGy_Si.350.MeV.n_4, FociPerGy_Si.350.MeV.n_8, FociPerGy_Si.350.MeV.n_24, Bgd_Si.350.MeV.n_48, FociPerGy_Si.350.MeV.n_48, FociPerGy_Ar.350.MeV.n_24, FociPerGy_Fe.600.MeV.n_4, FociPerGy_Fe.600.MeV.n_24, FociPerGy_X.ray_4, Bgd_X.ray_24, FociPerGy_X.ray_24, FociPerGy_X.ray_48"
X21.98991650,21,0,21,,"Bgd_Si.350.MeV.n_4, FociPerGy_Si.350.MeV.n_4, Bgd_Si.350.MeV.n_8, FociPerGy_Si.350.MeV.n_8, Bgd_Si.350.MeV.n_48, FociPerGy_Si.350.MeV.n_48, Bgd_Ar.350.MeV.n_4, FociPerGy_Ar.350.MeV.n_4, Bgd_Ar.350.MeV.n_8, FociPerGy_Ar.350.MeV.n_8, Bgd_Ar.350.MeV.n_24, FociPerGy_Ar.350.MeV.n_24, Bgd_Ar.350.MeV.n_48, FociPerGy_Ar.350.MeV.n_48, Bgd_Fe.600.MeV.n_4, Bgd_Fe.600.MeV.n_8, FociPerGy_Fe.600.MeV.n_8, Bgd_Fe.600.MeV.n_24, Bgd_X.ray_4, Bgd_X.ray_24, Bgd_X.ray_48","Bgd_Si.350.MeV.n_24, FociPerGy_Si.350.MeV.n_24, FociPerGy_Fe.600.MeV.n_4, FociPerGy_Fe.600.MeV.n_24, Bgd_Fe.600.MeV.n_48, FociPerGy_Fe.600.MeV.n_48, FociPerGy_X.ray_4, FociPerGy_X.ray_24, FociPerGy_X.ray_48"
X3.128520107,22,0,22,,"Bgd_Si.350.MeV.n_4, FociPerGy_Si.350.MeV.n_4, Bgd_Si.350.MeV.n_8, Bgd_Si.350.MeV.n_24, FociPerGy_Si.350.MeV.n_24, FociPerGy_Si.350.MeV.n_48, FociPerGy_Ar.350.MeV.n_4, Bgd_Ar.350.MeV.n_8, FociPerGy_Ar.350.MeV.n_8, Bgd_Ar.350.MeV.n_24, Bgd_Ar.350.MeV.n_48, Bgd_Fe.600.MeV.n_4, FociPerGy_Fe.600.MeV.n_4, Bgd_Fe.600.MeV.n_24, Bgd_Fe.600.MeV.n_48, FociPerGy_Fe.600.MeV.n_48, Bgd_X.ray_4, FociPerGy_X.ray_4, Bgd_X.ray_24, FociPerGy_X.ray_24, Bgd_X.ray_48, FociPerGy_X.ray_48","FociPerGy_Si.350.MeV.n_8, Bgd_Si.350.MeV.n_48, Bgd_Ar.350.MeV.n_4, FociPerGy_Ar.350.MeV.n_24, FociPerGy_Ar.350.MeV.n_48, Bgd_Fe.600.MeV.n_8, FociPerGy_Fe.600.MeV.n_8, FociPerGy_Fe.600.MeV.n_24"
X3.132404356,20,0,20,,"Bgd_Si.350.MeV.n_4, Bgd_Si.350.MeV.n_8, Bgd_Si.350.MeV.n_24, Bgd_Si.350.MeV.n_48, FociPerGy_Si.350.MeV.n_48, Bgd_Ar.350.MeV.n_4, FociPerGy_Ar.350.MeV.n_4, Bgd_Ar.350.MeV.n_8, FociPerGy_Ar.350.MeV.n_8, Bgd_Ar.350.MeV.n_24, FociPerGy_Ar.350.MeV.n_24, Bgd_Fe.600.MeV.n_4, FociPerGy_Fe.600.MeV.n_4, FociPerGy_Fe.600.MeV.n_8, Bgd_Fe.600.MeV.n_24, FociPerGy_Fe.600.MeV.n_24, Bgd_Fe.600.MeV.n_48, FociPerGy_Fe.600.MeV.n_48, Bgd_X.ray_4, Bgd_X.ray_24","FociPerGy_Si.350.MeV.n_4, FociPerGy_Si.350.MeV.n_8, FociPerGy_Si.350.MeV.n_24, Bgd_Ar.350.MeV.n_48, FociPerGy_Ar.350.MeV.n_48, Bgd_Fe.600.MeV.n_8, FociPerGy_X.ray_4, FociPerGy_X.ray_24, Bgd_X.ray_48, FociPerGy_X.ray_48"
X3.135259825,15,0,15,,"FociPerGy_Si.350.MeV.n_4, FociPerGy_Si.350.MeV.n_8, FociPerGy_Si.350.MeV.n_24, Bgd_Si.350.MeV.n_48, Bgd_Ar.350.MeV.n_4, FociPerGy_Ar.350.MeV.n_8, Bgd_Ar.350.MeV.n_24, FociPerGy_Ar.350.MeV.n_24, FociPerGy_Ar.350.MeV.n_48, Bgd_Fe.600.MeV.n_4, FociPerGy_Fe.600.MeV.n_4, Bgd_Fe.600.MeV.n_8, FociPerGy_Fe.600.MeV.n_48, Bgd_X.ray_24, Bgd_X.ray_48","Bgd_Si.350.MeV.n_4, Bgd_Si.350.MeV.n_8, Bgd_Si.350.MeV.n_24, FociPerGy_Si.350.MeV.n_48, FociPerGy_Ar.350.MeV.n_4, Bgd_Ar.350.MeV.n_8, Bgd_Ar.350.MeV.n_48, FociPerGy_Fe.600.MeV.n_8, Bgd_Fe.600.MeV.n_24, FociPerGy_Fe.600.MeV.n_24, Bgd_Fe.600.MeV.n_48, Bgd_X.ray_4, FociPerGy_X.ray_4, FociPerGy_X.ray_24, FociPerGy_X.ray_48"
X3.138906032,24,1,23,X8.75159575,"FociPerGy_Si.350.MeV.n_4, Bgd_Si.350.MeV.n_8, FociPerGy_Si.350.MeV.n_8, Bgd_Si.350.MeV.n_24, FociPerGy_Si.350.MeV.n_24, Bgd_Si.350.MeV.n_48, FociPerGy_Si.350.MeV.n_48, Bgd_Ar.350.MeV.n_4, FociPerGy_Ar.350.MeV.n_8, Bgd_Ar.350.MeV.n_24, Bgd_Ar.350.MeV.n_48, FociPerGy_Ar.350.MeV.n_48, Bgd_Fe.600.MeV.n_4, Bgd_Fe.600.MeV.n_8, FociPerGy_Fe.600.MeV.n_8, Bgd_Fe.600.MeV.n_24, FociPerGy_Fe.600.MeV.n_24, Bgd_Fe.600.MeV.n_48, FociPerGy_Fe.600.MeV.n_48, Bgd_X.ray_4, Bgd_X.ray_24, FociPerGy_X.ray_24, FociPerGy_X.ray_48","Bgd_Si.350.MeV.n_4, FociPerGy_Ar.350.MeV.n_4, Bgd_Ar.350.MeV.n_8, FociPerGy_Ar.350.MeV.n_24, FociPerGy_Fe.600.MeV.n_4, FociPerGy_X.ray_4, Bgd_X.ray_48"
X3.30112136,22,1,21,X8.60115231,"Bgd_Si.350.MeV.n_4, Bgd_Si.350.MeV.n_8, Bgd_Si.350.MeV.n_24, FociPerGy_Si.350.MeV.n_24, Bgd_Si.350.MeV.n_48, FociPerGy_Si.350.MeV.n_48, FociPerGy_Ar.350.MeV.n_4, FociPerGy_Ar.350.MeV.n_8, Bgd_Ar.350.MeV.n_24, FociPerGy_Ar.350.MeV.n_24, FociPerGy_Ar.350.MeV.n_48, Bgd_Fe.600.MeV.n_4, FociPerGy_Fe.600.MeV.n_4, Bgd_Fe.600.MeV.n_8, FociPerGy_Fe.600.MeV.n_8, FociPerGy_Fe.600.MeV.n_48, FociPerGy_X.ray_4, Bgd_X.ray_24, FociPerGy_X.ray_24, Bgd_X.ray_48, FociPerGy_X.ray_48","FociPerGy_Si.350.MeV.n_4, FociPerGy_Si.350.MeV.n_8, Bgd_Ar.350.MeV.n_4, Bgd_Ar.350.MeV.n_8, Bgd_Ar.350.MeV.n_48, Bgd_Fe.600.MeV.n_24, FociPerGy_Fe.600.MeV.n_24, Bgd_Fe.600.MeV.n_48, Bgd_X.ray_4"
X3.44232015,19,0,19,,"Bgd_Si.350.MeV.n_4, FociPerGy_Si.350.MeV.n_4, Bgd_Si.350.MeV.n_8, Bgd_Si.350.MeV.n_24, FociPerGy_Si.350.MeV.n_24, Bgd_Si.350.MeV.n_48, FociPerGy_Si.350.MeV.n_48, Bgd_Ar.350.MeV.n_4, FociPerGy_Ar.350.MeV.n_4, Bgd_Ar.350.MeV.n_8, Bgd_Ar.350.MeV.n_24, FociPerGy_Fe.600.MeV.n_4, Bgd_Fe.600.MeV.n_8, FociPerGy_Fe.600.MeV.n_8, Bgd_Fe.600.MeV.n_24, FociPerGy_Fe.600.MeV.n_48, Bgd_X.ray_4, Bgd_X.ray_24, Bgd_X.ray_48","FociPerGy_Si.350.MeV.n_8, FociPerGy_Ar.350.MeV.n_8, FociPerGy_Ar.350.MeV.n_24, Bgd_Ar.350.MeV.n_48, FociPerGy_Ar.350.MeV.n_48, Bgd_Fe.600.MeV.n_4, FociPerGy_Fe.600.MeV.n_24, Bgd_Fe.600.MeV.n_48, FociPerGy_X.ray_4, FociPerGy_X.ray_24, FociPerGy_X.ray_48"
X3.57567476,21,0,21,,"Bgd_Si.350.MeV.n_4, Bgd_Si.350.MeV.n_8, Bgd_Si.350.MeV.n_24, FociPerGy_Si.350.MeV.n_24, Bgd_Si.350.MeV.n_48, FociPerGy_Si.350.MeV.n_48, Bgd_Ar.350.MeV.n_4, FociPerGy_Ar.350.MeV.n_4, Bgd_Ar.350.MeV.n_8, FociPerGy_Ar.350.MeV.n_8, Bgd_Ar.350.MeV.n_48, FociPerGy_Ar.350.MeV.n_48, Bgd_Fe.600.MeV.n_4, FociPerGy_Fe.600.MeV.n_4, Bgd_Fe.600.MeV.n_8, FociPerGy_Fe.600.MeV.n_8, Bgd_Fe.600.MeV.n_24, FociPerGy_Fe.600.MeV.n_24, Bgd_Fe.600.MeV.n_48, Bgd_X.ray_24, Bgd_X.ray_48","FociPerGy_Si.350.MeV.n_4, FociPerGy_Si.350.MeV.n_8, Bgd_Ar.350.MeV.n_24, FociPerGy_Ar.350.MeV.n_24, FociPerGy_Fe.600.MeV.n_48, Bgd_X.ray_4, FociPerGy_X.ray_4, FociPerGy_X.ray_24, FociPerGy_X.ray_48"
X3.8973984,22,0,22,,"Bgd_Si.350.MeV.n_4, FociPerGy_Si.350.MeV.n_4, Bgd_Si.350.MeV.n_8, FociPerGy_Si.350.MeV.n_8, FociPerGy_Si.350.MeV.n_24, Bgd_Si.350.MeV.n_48, Bgd_Ar.350.MeV.n_4, Bgd_Ar.350.MeV.n_8, FociPerGy_Ar.350.MeV.n_8, Bgd_Ar.350.MeV.n_24, FociPerGy_Ar.350.MeV.n_24, Bgd_Ar.350.MeV.n_48, FociPerGy_Ar.350.MeV.n_48, Bgd_Fe.600.MeV.n_4, FociPerGy_Fe.600.MeV.n_8, FociPerGy_Fe.600.MeV.n_24, Bgd_Fe.600.MeV.n_48, FociPerGy_Fe.600.MeV.n_48, Bgd_X.ray_4, Bgd_X.ray_24, FociPerGy_X.ray_24, Bgd_X.ray_48","Bgd_Si.350.MeV.n_24, FociPerGy_Si.350.MeV.n_48, FociPerGy_Ar.350.MeV.n_4, FociPerGy_Fe.600.MeV.n_4, Bgd_Fe.600.MeV.n_8, Bgd_Fe.600.MeV.n_24, FociPerGy_X.ray_4, FociPerGy_X.ray_48"
X4.107621608,16,0,16,,"Bgd_Si.350.MeV.n_8, FociPerGy_Si.350.MeV.n_8, Bgd_Si.350.MeV.n_24, FociPerGy_Si.350.MeV.n_24, FociPerGy_Si.350.MeV.n_48, Bgd_Ar.350.MeV.n_4, Bgd_Ar.350.MeV.n_8, Bgd_Ar.350.MeV.n_24, FociPerGy_Ar.350.MeV.n_24, Bgd_Ar.350.MeV.n_48, Bgd_Fe.600.MeV.n_4, Bgd_Fe.600.MeV.n_8, Bgd_Fe.600.MeV.n_48, Bgd_X.ray_4, FociPerGy_X.ray_4, Bgd_X.ray_24","Bgd_Si.350.MeV.n_4, FociPerGy_Si.350.MeV.n_4, Bgd_Si.350.MeV.n_48, FociPerGy_Ar.350.MeV.n_4, FociPerGy_Ar.350.MeV.n_8, FociPerGy_Ar.350.MeV.n_48, FociPerGy_Fe.600.MeV.n_4, FociPerGy_Fe.600.MeV.n_8, Bgd_Fe.600.MeV.n_24, FociPerGy_Fe.600.MeV.n_24, FociPerGy_Fe.600.MeV.n_48, FociPerGy_X.ray_24, Bgd_X.ray_48, FociPerGy_X.ray_48"
X4.109110491,18,0,18,,"Bgd_Si.350.MeV.n_4, Bgd_Si.350.MeV.n_8, Bgd_Si.350.MeV.n_24, FociPerGy_Si.350.MeV.n_24, Bgd_Si.350.MeV.n_48, FociPerGy_Ar.350.MeV.n_4, Bgd_Ar.350.MeV.n_24, FociPerGy_Ar.350.MeV.n_24, Bgd_Ar.350.MeV.n_48, FociPerGy_Ar.350.MeV.n_48, Bgd_Fe.600.MeV.n_4, FociPerGy_Fe.600.MeV.n_4, Bgd_Fe.600.MeV.n_8, FociPerGy_Fe.600.MeV.n_8, Bgd_Fe.600.MeV.n_24, Bgd_X.ray_24, Bgd_X.ray_48, FociPerGy_X.ray_48","FociPerGy_Si.350.MeV.n_4, FociPerGy_Si.350.MeV.n_8, FociPerGy_Si.350.MeV.n_48, Bgd_Ar.350.MeV.n_4, Bgd_Ar.350.MeV.n_8, FociPerGy_Ar.350.MeV.n_8, FociPerGy_Fe.600.MeV.n_24, Bgd_Fe.600.MeV.n_48, FociPerGy_Fe.600.MeV.n_48, Bgd_X.ray_4, FociPerGy_X.ray_4, FociPerGy_X.ray_24"
X4.145052114,20,0,20,,"FociPerGy_Si.350.MeV.n_8, FociPerGy_Si.350.MeV.n_24, FociPerGy_Ar.350.MeV.n_4, Bgd_Ar.350.MeV.n_8, FociPerGy_Ar.350.MeV.n_8, FociPerGy_Ar.350.MeV.n_24, Bgd_Ar.350.MeV.n_48, FociPerGy_Ar.350.MeV.n_48, FociPerGy_Fe.600.MeV.n_4, Bgd_Fe.600.MeV.n_8, FociPerGy_Fe.600.MeV.n_8, Bgd_Fe.600.MeV.n_24, FociPerGy_Fe.600.MeV.n_24, Bgd_Fe.600.MeV.n_48, FociPerGy_Fe.600.MeV.n_48, Bgd_X.ray_4, FociPerGy_X.ray_4, Bgd_X.ray_24, Bgd_X.ray_48, FociPerGy_X.ray_48","Bgd_Si.350.MeV.n_4, FociPerGy_Si.350.MeV.n_4, Bgd_Si.350.MeV.n_8, Bgd_Si.350.MeV.n_24, Bgd_Si.350.MeV.n_48, FociPerGy_Si.350.MeV.n_48, Bgd_Ar.350.MeV.n_4, Bgd_Ar.350.MeV.n_24, Bgd_Fe.600.MeV.n_4, FociPerGy_X.ray_24"
X4.23295512,14,0,14,,"Bgd_Si.350.MeV.n_24, FociPerGy_Si.350.MeV.n_24, FociPerGy_Si.350.MeV.n_48, FociPerGy_Ar.350.MeV.n_4, Bgd_Ar.350.MeV.n_24, FociPerGy_Ar.350.MeV.n_24, Bgd_Ar.350.MeV.n_48, Bgd_Fe.600.MeV.n_4, FociPerGy_Fe.600.MeV.n_4, Bgd_Fe.600.MeV.n_8, FociPerGy_Fe.600.MeV.n_48, Bgd_X.ray_24, FociPerGy_X.ray_24, Bgd_X.ray_48","Bgd_Si.350.MeV.n_4, FociPerGy_Si.350.MeV.n_4, Bgd_Si.350.MeV.n_8, FociPerGy_Si.350.MeV.n_8, Bgd_Si.350.MeV.n_48, Bgd_Ar.350.MeV.n_4, Bgd_Ar.350.MeV.n_8, FociPerGy_Ar.350.MeV.n_8, FociPerGy_Ar.350.MeV.n_48, FociPerGy_Fe.600.MeV.n_8, Bgd_Fe.600.MeV.n_24, FociPerGy_Fe.600.MeV.n_24, Bgd_Fe.600.MeV.n_48, Bgd_X.ray_4, FociPerGy_X.ray_4, FociPerGy_X.ray_48"
X4.54970808,25,0,25,,"Bgd_Si.350.MeV.n_4, Bgd_Si.350.MeV.n_8, FociPerGy_Si.350.MeV.n_8, Bgd_Si.350.MeV.n_24, Bgd_Si.350.MeV.n_48, Bgd_Ar.350.MeV.n_4, FociPerGy_Ar.350.MeV.n_4, Bgd_Ar.350.MeV.n_8, FociPerGy_Ar.350.MeV.n_8, FociPerGy_Ar.350.MeV.n_24, Bgd_Ar.350.MeV.n_48, FociPerGy_Ar.350.MeV.n_48, Bgd_Fe.600.MeV.n_4, FociPerGy_Fe.600.MeV.n_4, Bgd_Fe.600.MeV.n_8, FociPerGy_Fe.600.MeV.n_8, Bgd_Fe.600.MeV.n_24, FociPerGy_Fe.600.MeV.n_24, FociPerGy_Fe.600.MeV.n_48, Bgd_X.ray_4, FociPerGy_X.ray_4, Bgd_X.ray_24, FociPerGy_X.ray_24, Bgd_X.ray_48, FociPerGy_X.ray_48","FociPerGy_Si.350.MeV.n_4, FociPerGy_Si.350.MeV.n_24, FociPerGy_Si.350.MeV.n_48, Bgd_Ar.350.MeV.n_24, Bgd_Fe.600.MeV.n_48"
X4.84852632,19,0,19,,"FociPerGy_Si.350.MeV.n_4, Bgd_Si.350.MeV.n_8, Bgd_Si.350.MeV.n_24, Bgd_Ar.350.MeV.n_4, FociPerGy_Ar.350.MeV.n_4, Bgd_Ar.350.MeV.n_8, FociPerGy_Ar.350.MeV.n_8, Bgd_Ar.350.MeV.n_24, Bgd_Ar.350.MeV.n_48, FociPerGy_Ar.350.MeV.n_48, FociPerGy_Fe.600.MeV.n_4, Bgd_Fe.600.MeV.n_8, Bgd_Fe.600.MeV.n_24, Bgd_Fe.600.MeV.n_48, FociPerGy_Fe.600.MeV.n_48, Bgd_X.ray_4, Bgd_X.ray_24, FociPerGy_X.ray_24, Bgd_X.ray_48","Bgd_Si.350.MeV.n_4, FociPerGy_Si.350.MeV.n_8, FociPerGy_Si.350.MeV.n_24, Bgd_Si.350.MeV.n_48, FociPerGy_Si.350.MeV.n_48, FociPerGy_Ar.350.MeV.n_24, Bgd_Fe.600.MeV.n_4, FociPerGy_Fe.600.MeV.n_8, FociPerGy_Fe.600.MeV.n_24, FociPerGy_X.ray_4, FociPerGy_X.ray_48"
X5.39076165,16,0,16,,"FociPerGy_Si.350.MeV.n_24, FociPerGy_Ar.350.MeV.n_4, Bgd_Ar.350.MeV.n_8, FociPerGy_Ar.350.MeV.n_8, FociPerGy_Ar.350.MeV.n_24, Bgd_Ar.350.MeV.n_48, FociPerGy_Ar.350.MeV.n_48, Bgd_Fe.600.MeV.n_4, FociPerGy_Fe.600.MeV.n_4, Bgd_Fe.600.MeV.n_24, Bgd_Fe.600.MeV.n_48, Bgd_X.ray_4, FociPerGy_X.ray_4, Bgd_X.ray_24, FociPerGy_X.ray_24, Bgd_X.ray_48","Bgd_Si.350.MeV.n_4, FociPerGy_Si.350.MeV.n_4, Bgd_Si.350.MeV.n_8, FociPerGy_Si.350.MeV.n_8, Bgd_Si.350.MeV.n_24, Bgd_Si.350.MeV.n_48, FociPerGy_Si.350.MeV.n_48, Bgd_Ar.350.MeV.n_4, Bgd_Ar.350.MeV.n_24, Bgd_Fe.600.MeV.n_8, FociPerGy_Fe.600.MeV.n_8, FociPerGy_Fe.600.MeV.n_24, FociPerGy_Fe.600.MeV.n_48, FociPerGy_X.ray_48"
X5.49852963,20,0,20,,"FociPerGy_Si.350.MeV.n_4, FociPerGy_Si.350.MeV.n_24, Bgd_Si.350.MeV.n_48, FociPerGy_Si.350.MeV.n_48, Bgd_Ar.350.MeV.n_4, FociPerGy_Ar.350.MeV.n_4, Bgd_Ar.350.MeV.n_8, Bgd_Ar.350.MeV.n_24, FociPerGy_Ar.350.MeV.n_24, Bgd_Ar.350.MeV.n_48, FociPerGy_Ar.350.MeV.n_48, FociPerGy_Fe.600.MeV.n_4, Bgd_Fe.600.MeV.n_8, FociPerGy_Fe.600.MeV.n_8, FociPerGy_Fe.600.MeV.n_24, Bgd_Fe.600.MeV.n_48, FociPerGy_Fe.600.MeV.n_48, Bgd_X.ray_24, FociPerGy_X.ray_24, FociPerGy_X.ray_48","Bgd_Si.350.MeV.n_4, Bgd_Si.350.MeV.n_8, FociPerGy_Si.350.MeV.n_8, Bgd_Si.350.MeV.n_24, FociPerGy_Ar.350.MeV.n_8, Bgd_Fe.600.MeV.n_4, Bgd_Fe.600.MeV.n_24, Bgd_X.ray_4, FociPerGy_X.ray_4, Bgd_X.ray_48"
X5.70537896,24,1,23,X17.43251322,"Bgd_Si.350.MeV.n_4, Bgd_Si.350.MeV.n_8, FociPerGy_Si.350.MeV.n_8, Bgd_Si.350.MeV.n_24, FociPerGy_Si.350.MeV.n_24, Bgd_Si.350.MeV.n_48, FociPerGy_Si.350.MeV.n_48, FociPerGy_Ar.350.MeV.n_8, Bgd_Ar.350.MeV.n_24, FociPerGy_Ar.350.MeV.n_24, Bgd_Ar.350.MeV.n_48, FociPerGy_Ar.350.MeV.n_48, Bgd_Fe.600.MeV.n_4, Bgd_Fe.600.MeV.n_8, FociPerGy_Fe.600.MeV.n_8, Bgd_Fe.600.MeV.n_24, Bgd_Fe.600.MeV.n_48, Bgd_X.ray_4, FociPerGy_X.ray_4, Bgd_X.ray_24, FociPerGy_X.ray_24, Bgd_X.ray_48, FociPerGy_X.ray_48","FociPerGy_Si.350.MeV.n_4, Bgd_Ar.350.MeV.n_4, FociPerGy_Ar.350.MeV.n_4, Bgd_Ar.350.MeV.n_8, FociPerGy_Fe.600.MeV.n_4, FociPerGy_Fe.600.MeV.n_24, FociPerGy_Fe.600.MeV.n_48"
X5.90299294,20,0,20,,"Bgd_Si.350.MeV.n_4, FociPerGy_Si.350.MeV.n_4, Bgd_Si.350.MeV.n_8, FociPerGy_Si.350.MeV.n_8, Bgd_Si.350.MeV.n_24, FociPerGy_Si.350.MeV.n_24, FociPerGy_Si.350.MeV.n_48, Bgd_Ar.350.MeV.n_4, FociPerGy_Ar.350.MeV.n_4, FociPerGy_Ar.350.MeV.n_8, FociPerGy_Ar.350.MeV.n_24, FociPerGy_Ar.350.MeV.n_48, Bgd_Fe.600.MeV.n_8, FociPerGy_Fe.600.MeV.n_8, Bgd_Fe.600.MeV.n_24, FociPerGy_Fe.600.MeV.n_24, Bgd_Fe.600.MeV.n_48, Bgd_X.ray_4, FociPerGy_X.ray_4, FociPerGy_X.ray_48","Bgd_Si.350.MeV.n_48, Bgd_Ar.350.MeV.n_8, Bgd_Ar.350.MeV.n_24, Bgd_Ar.350.MeV.n_48, Bgd_Fe.600.MeV.n_4, FociPerGy_Fe.600.MeV.n_4, FociPerGy_Fe.600.MeV.n_48, Bgd_X.ray_24, FociPerGy_X.ray_24, Bgd_X.ray_48"
X6.107382038,20,0,20,,"FociPerGy_Si.350.MeV.n_4, FociPerGy_Si.350.MeV.n_8, Bgd_Si.350.MeV.n_24, Bgd_Si.350.MeV.n_48, Bgd_Ar.350.MeV.n_4, FociPerGy_Ar.350.MeV.n_4, Bgd_Ar.350.MeV.n_8, FociPerGy_Ar.350.MeV.n_8, Bgd_Ar.350.MeV.n_24, FociPerGy_Ar.350.MeV.n_24, Bgd_Ar.350.MeV.n_48, FociPerGy_Ar.350.MeV.n_48, Bgd_Fe.600.MeV.n_4, FociPerGy_Fe.600.MeV.n_4, Bgd_Fe.600.MeV.n_8, FociPerGy_Fe.600.MeV.n_8, Bgd_Fe.600.MeV.n_24, Bgd_Fe.600.MeV.n_48, FociPerGy_Fe.600.MeV.n_48, Bgd_X.ray_48","Bgd_Si.350.MeV.n_4, Bgd_Si.350.MeV.n_8, FociPerGy_Si.350.MeV.n_24, FociPerGy_Si.350.MeV.n_48, FociPerGy_Fe.600.MeV.n_24, Bgd_X.ray_4, FociPerGy_X.ray_4, Bgd_X.ray_24, FociPerGy_X.ray_24, FociPerGy_X.ray_48"
X6.108152079,17,0,17,,"Bgd_Si.350.MeV.n_4, FociPerGy_Si.350.MeV.n_4, FociPerGy_Si.350.MeV.n_8, Bgd_Si.350.MeV.n_24, Bgd_Si.350.MeV.n_48, FociPerGy_Si.350.MeV.n_48, Bgd_Ar.350.MeV.n_4, FociPerGy_Ar.350.MeV.n_4, FociPerGy_Ar.350.MeV.n_48, Bgd_Fe.600.MeV.n_4, Bgd_Fe.600.MeV.n_8, Bgd_Fe.600.MeV.n_24, Bgd_Fe.600.MeV.n_48, Bgd_X.ray_4, FociPerGy_X.ray_4, Bgd_X.ray_24, FociPerGy_X.ray_24","Bgd_Si.350.MeV.n_8, FociPerGy_Si.350.MeV.n_24, Bgd_Ar.350.MeV.n_8, FociPerGy_Ar.350.MeV.n_8, Bgd_Ar.350.MeV.n_24, FociPerGy_Ar.350.MeV.n_24, Bgd_Ar.350.MeV.n_48, FociPerGy_Fe.600.MeV.n_4, FociPerGy_Fe.600.MeV.n_8, FociPerGy_Fe.600.MeV.n_24, FociPerGy_Fe.600.MeV.n_48, Bgd_X.ray_48, FociPerGy_X.ray_48"
X6.129932744,18,0,18,,"Bgd_Si.350.MeV.n_4, FociPerGy_Si.350.MeV.n_4, Bgd_Si.350.MeV.n_8, Bgd_Si.350.MeV.n_24, Bgd_Si.350.MeV.n_48, FociPerGy_Si.350.MeV.n_48, Bgd_Ar.350.MeV.n_4, FociPerGy_Ar.350.MeV.n_4, Bgd_Ar.350.MeV.n_8, Bgd_Ar.350.MeV.n_48, FociPerGy_Ar.350.MeV.n_48, Bgd_Fe.600.MeV.n_48, FociPerGy_Fe.600.MeV.n_48, Bgd_X.ray_4, FociPerGy_X.ray_4, Bgd_X.ray_24, FociPerGy_X.ray_24, Bgd_X.ray_48","FociPerGy_Si.350.MeV.n_8, FociPerGy_Si.350.MeV.n_24, FociPerGy_Ar.350.MeV.n_8, Bgd_Ar.350.MeV.n_24, FociPerGy_Ar.350.MeV.n_24, Bgd_Fe.600.MeV.n_4, FociPerGy_Fe.600.MeV.n_4, Bgd_Fe.600.MeV.n_8, FociPerGy_Fe.600.MeV.n_8, Bgd_Fe.600.MeV.n_24, FociPerGy_Fe.600.MeV.n_24, FociPerGy_X.ray_48"
X6.35349370,21,0,21,,"FociPerGy_Si.350.MeV.n_4, Bgd_Si.350.MeV.n_8, Bgd_Si.350.MeV.n_24, FociPerGy_Si.350.MeV.n_24, Bgd_Si.350.MeV.n_48, FociPerGy_Si.350.MeV.n_48, Bgd_Ar.350.MeV.n_4, Bgd_Ar.350.MeV.n_8, Bgd_Ar.350.MeV.n_24, FociPerGy_Ar.350.MeV.n_24, FociPerGy_Ar.350.MeV.n_48, FociPerGy_Fe.600.MeV.n_8, Bgd_Fe.600.MeV.n_24, FociPerGy_Fe.600.MeV.n_24, Bgd_Fe.600.MeV.n_48, FociPerGy_Fe.600.MeV.n_48, FociPerGy_X.ray_4, Bgd_X.ray_24, FociPerGy_X.ray_24, Bgd_X.ray_48, FociPerGy_X.ray_48","Bgd_Si.350.MeV.n_4, FociPerGy_Si.350.MeV.n_8, FociPerGy_Ar.350.MeV.n_4, FociPerGy_Ar.350.MeV.n_8, Bgd_Ar.350.MeV.n_48, Bgd_Fe.600.MeV.n_4, FociPerGy_Fe.600.MeV.n_4, Bgd_Fe.600.MeV.n_8, Bgd_X.ray_4"
X6.42782257,15,0,15,,"Bgd_Si.350.MeV.n_4, Bgd_Si.350.MeV.n_8, FociPerGy_Si.350.MeV.n_8, FociPerGy_Si.350.MeV.n_24, FociPerGy_Si.350.MeV.n_48, FociPerGy_Ar.350.MeV.n_4, FociPerGy_Ar.350.MeV.n_8, FociPerGy_Ar.350.MeV.n_24, Bgd_Ar.350.MeV.n_48, Bgd_Fe.600.MeV.n_24, Bgd_Fe.600.MeV.n_48, FociPerGy_Fe.600.MeV.n_48, Bgd_X.ray_4, FociPerGy_X.ray_4, Bgd_X.ray_48","FociPerGy_Si.350.MeV.n_4, Bgd_Si.350.MeV.n_24, Bgd_Si.350.MeV.n_48, Bgd_Ar.350.MeV.n_4, Bgd_Ar.350.MeV.n_8, Bgd_Ar.350.MeV.n_24, FociPerGy_Ar.350.MeV.n_48, Bgd_Fe.600.MeV.n_4, FociPerGy_Fe.600.MeV.n_4, Bgd_Fe.600.MeV.n_8, FociPerGy_Fe.600.MeV.n_8, FociPerGy_Fe.600.MeV.n_24, Bgd_X.ray_24, FociPerGy_X.ray_24, FociPerGy_X.ray_48"
X6.77212762,21,0,21,,"FociPerGy_Si.350.MeV.n_4, Bgd_Si.350.MeV.n_8, FociPerGy_Si.350.MeV.n_8, Bgd_Si.350.MeV.n_24, FociPerGy_Si.350.MeV.n_24, FociPerGy_Si.350.MeV.n_48, Bgd_Ar.350.MeV.n_4, FociPerGy_Ar.350.MeV.n_4, Bgd_Ar.350.MeV.n_8, FociPerGy_Ar.350.MeV.n_8, FociPerGy_Ar.350.MeV.n_24, Bgd_Ar.350.MeV.n_48, FociPerGy_Ar.350.MeV.n_48, Bgd_Fe.600.MeV.n_4, FociPerGy_Fe.600.MeV.n_8, FociPerGy_Fe.600.MeV.n_24, Bgd_Fe.600.MeV.n_48, FociPerGy_Fe.600.MeV.n_48, Bgd_X.ray_4, FociPerGy_X.ray_4, FociPerGy_X.ray_48","Bgd_Si.350.MeV.n_4, Bgd_Si.350.MeV.n_48, Bgd_Ar.350.MeV.n_24, FociPerGy_Fe.600.MeV.n_4, Bgd_Fe.600.MeV.n_8, Bgd_Fe.600.MeV.n_24, Bgd_X.ray_24, FociPerGy_X.ray_24, Bgd_X.ray_48"
X6.86286482,17,0,17,,"Bgd_Si.350.MeV.n_4, FociPerGy_Si.350.MeV.n_4, Bgd_Si.350.MeV.n_24, Bgd_Ar.350.MeV.n_4, FociPerGy_Ar.350.MeV.n_4, FociPerGy_Ar.350.MeV.n_8, FociPerGy_Ar.350.MeV.n_24, FociPerGy_Ar.350.MeV.n_48, Bgd_Fe.600.MeV.n_4, FociPerGy_Fe.600.MeV.n_4, Bgd_Fe.600.MeV.n_8, FociPerGy_Fe.600.MeV.n_8, Bgd_Fe.600.MeV.n_24, Bgd_Fe.600.MeV.n_48, Bgd_X.ray_4, Bgd_X.ray_24, Bgd_X.ray_48","Bgd_Si.350.MeV.n_8, FociPerGy_Si.350.MeV.n_8, FociPerGy_Si.350.MeV.n_24, Bgd_Si.350.MeV.n_48, FociPerGy_Si.350.MeV.n_48, Bgd_Ar.350.MeV.n_8, Bgd_Ar.350.MeV.n_24, Bgd_Ar.350.MeV.n_48, FociPerGy_Fe.600.MeV.n_24, FociPerGy_Fe.600.MeV.n_48, FociPerGy_X.ray_4, FociPerGy_X.ray_24, FociPerGy_X.ray_48"
X7.106674593,22,0,22,,"FociPerGy_Si.350.MeV.n_4, Bgd_Si.350.MeV.n_8, FociPerGy_Si.350.MeV.n_8, Bgd_Si.350.MeV.n_48, FociPerGy_Si.350.MeV.n_48, Bgd_Ar.350.MeV.n_4, FociPerGy_Ar.350.MeV.n_4, Bgd_Ar.350.MeV.n_8, FociPerGy_Ar.350.MeV.n_8, FociPerGy_Ar.350.MeV.n_24, Bgd_Ar.350.MeV.n_48, FociPerGy_Ar.350.MeV.n_48, FociPerGy_Fe.600.MeV.n_4, FociPerGy_Fe.600.MeV.n_8, Bgd_Fe.600.MeV.n_24, Bgd_Fe.600.MeV.n_48, FociPerGy_Fe.600.MeV.n_48, Bgd_X.ray_4, FociPerGy_X.ray_4, Bgd_X.ray_24, FociPerGy_X.ray_24, FociPerGy_X.ray_48","Bgd_Si.350.MeV.n_4, Bgd_Si.350.MeV.n_24, FociPerGy_Si.350.MeV.n_24, Bgd_Ar.350.MeV.n_24, Bgd_Fe.600.MeV.n_4, Bgd_Fe.600.MeV.n_8, FociPerGy_Fe.600.MeV.n_24, Bgd_X.ray_48"
X7.111783510,20,1,19,X14.102808854,"FociPerGy_Si.350.MeV.n_4, Bgd_Si.350.MeV.n_8, FociPerGy_Si.350.MeV.n_8, Bgd_Si.350.MeV.n_24, FociPerGy_Si.350.MeV.n_48, Bgd_Ar.350.MeV.n_4, FociPerGy_Ar.350.MeV.n_4, Bgd_Ar.350.MeV.n_8, Bgd_Ar.350.MeV.n_24, FociPerGy_Ar.350.MeV.n_24, Bgd_Ar.350.MeV.n_48, FociPerGy_Ar.350.MeV.n_48, Bgd_Fe.600.MeV.n_4, FociPerGy_Fe.600.MeV.n_4, Bgd_Fe.600.MeV.n_8, Bgd_Fe.600.MeV.n_24, FociPerGy_Fe.600.MeV.n_24, Bgd_X.ray_24, Bgd_X.ray_48","Bgd_Si.350.MeV.n_4, FociPerGy_Si.350.MeV.n_24, Bgd_Si.350.MeV.n_48, FociPerGy_Ar.350.MeV.n_8, FociPerGy_Fe.600.MeV.n_8, Bgd_Fe.600.MeV.n_48, FociPerGy_Fe.600.MeV.n_48, Bgd_X.ray_4, FociPerGy_X.ray_4, FociPerGy_X.ray_24, FociPerGy_X.ray_48"
X7.133996942,23,1,22,X14.48553214,"Bgd_Si.350.MeV.n_4, Bgd_Si.350.MeV.n_24, Bgd_Si.350.MeV.n_48, FociPerGy_Si.350.MeV.n_48, Bgd_Ar.350.MeV.n_4, FociPerGy_Ar.350.MeV.n_4, Bgd_Ar.350.MeV.n_8, FociPerGy_Ar.350.MeV.n_8, Bgd_Ar.350.MeV.n_24, FociPerGy_Ar.350.MeV.n_24, Bgd_Ar.350.MeV.n_48, FociPerGy_Ar.350.MeV.n_48, Bgd_Fe.600.MeV.n_4, FociPerGy_Fe.600.MeV.n_4, FociPerGy_Fe.600.MeV.n_8, Bgd_Fe.600.MeV.n_48, FociPerGy_Fe.600.MeV.n_48, Bgd_X.ray_4, FociPerGy_X.ray_4, Bgd_X.ray_24, FociPerGy_X.ray_24, FociPerGy_X.ray_48","FociPerGy_Si.350.MeV.n_4, Bgd_Si.350.MeV.n_8, FociPerGy_Si.350.MeV.n_8, FociPerGy_Si.350.MeV.n_24, Bgd_Fe.600.MeV.n_8, Bgd_Fe.600.MeV.n_24, FociPerGy_Fe.600.MeV.n_24, Bgd_X.ray_48"
X7.17022025,20,0,20,,"FociPerGy_Si.350.MeV.n_4, FociPerGy_Si.350.MeV.n_8, FociPerGy_Si.350.MeV.n_24, FociPerGy_Si.350.MeV.n_48, Bgd_Ar.350.MeV.n_4, FociPerGy_Ar.350.MeV.n_4, Bgd_Ar.350.MeV.n_8, Bgd_Ar.350.MeV.n_24, FociPerGy_Ar.350.MeV.n_24, Bgd_Ar.350.MeV.n_48, Bgd_Fe.600.MeV.n_4, FociPerGy_Fe.600.MeV.n_4, Bgd_Fe.600.MeV.n_8, FociPerGy_Fe.600.MeV.n_8, FociPerGy_Fe.600.MeV.n_24, Bgd_Fe.600.MeV.n_48, Bgd_X.ray_24, FociPerGy_X.ray_24, Bgd_X.ray_48, FociPerGy_X.ray_48","Bgd_Si.350.MeV.n_4, Bgd_Si.350.MeV.n_8, Bgd_Si.350.MeV.n_24, Bgd_Si.350.MeV.n_48, FociPerGy_Ar.350.MeV.n_8, FociPerGy_Ar.350.MeV.n_48, Bgd_Fe.600.MeV.n_24, FociPerGy_Fe.600.MeV.n_48, Bgd_X.ray_4, FociPerGy_X.ray_4"
X7.37333012,25,2,23,"X11.89717074, X7.39743481","Bgd_Si.350.MeV.n_4, Bgd_Si.350.MeV.n_8, Bgd_Si.350.MeV.n_24, Bgd_Si.350.MeV.n_48, FociPerGy_Si.350.MeV.n_48, Bgd_Ar.350.MeV.n_4, FociPerGy_Ar.350.MeV.n_4, Bgd_Ar.350.MeV.n_8, FociPerGy_Ar.350.MeV.n_8, Bgd_Ar.350.MeV.n_24, Bgd_Ar.350.MeV.n_48, FociPerGy_Ar.350.MeV.n_48, Bgd_Fe.600.MeV.n_4, FociPerGy_Fe.600.MeV.n_4, FociPerGy_Fe.600.MeV.n_8, Bgd_Fe.600.MeV.n_24, Bgd_Fe.600.MeV.n_48, FociPerGy_Fe.600.MeV.n_48, Bgd_X.ray_4, FociPerGy_X.ray_4, Bgd_X.ray_24, FociPerGy_X.ray_24, Bgd_X.ray_48","FociPerGy_Si.350.MeV.n_4, FociPerGy_Si.350.MeV.n_8, FociPerGy_Si.350.MeV.n_24, FociPerGy_Ar.350.MeV.n_24, Bgd_Fe.600.MeV.n_8, FociPerGy_Fe.600.MeV.n_24, FociPerGy_X.ray_48"
X7.39743481,22,2,20,"X11.89717074, X7.37333012","Bgd_Si.350.MeV.n_4, Bgd_Si.350.MeV.n_8, FociPerGy_Si.350.MeV.n_8, Bgd_Si.350.MeV.n_24, Bgd_Si.350.MeV.n_48, Bgd_Ar.350.MeV.n_4, Bgd_Ar.350.MeV.n_8, FociPerGy_Ar.350.MeV.n_24, Bgd_Ar.350.MeV.n_48, Bgd_Fe.600.MeV.n_4, Bgd_Fe.600.MeV.n_8, FociPerGy_Fe.600.MeV.n_8, FociPerGy_Fe.600.MeV.n_24, Bgd_Fe.600.MeV.n_48, FociPerGy_Fe.600.MeV.n_48, Bgd_X.ray_4, FociPerGy_X.ray_4, FociPerGy_X.ray_24, Bgd_X.ray_48, FociPerGy_X.ray_48","FociPerGy_Si.350.MeV.n_4, FociPerGy_Si.350.MeV.n_24, FociPerGy_Si.350.MeV.n_48, FociPerGy_Ar.350.MeV.n_4, FociPerGy_Ar.350.MeV.n_8, Bgd_Ar.350.MeV.n_24, FociPerGy_Ar.350.MeV.n_48, FociPerGy_Fe.600.MeV.n_4, Bgd_Fe.600.MeV.n_24, Bgd_X.ray_24"
X7.55899521,18,0,18,,"Bgd_Si.350.MeV.n_4, Bgd_Si.350.MeV.n_8, Bgd_Si.350.MeV.n_24, FociPerGy_Si.350.MeV.n_24, FociPerGy_Si.350.MeV.n_48, Bgd_Ar.350.MeV.n_4, FociPerGy_Ar.350.MeV.n_4, Bgd_Ar.350.MeV.n_8, Bgd_Ar.350.MeV.n_24, FociPerGy_Ar.350.MeV.n_24, Bgd_Ar.350.MeV.n_48, FociPerGy_Ar.350.MeV.n_48, Bgd_Fe.600.MeV.n_4, Bgd_Fe.600.MeV.n_8, Bgd_Fe.600.MeV.n_24, FociPerGy_Fe.600.MeV.n_24, Bgd_Fe.600.MeV.n_48, Bgd_X.ray_4","FociPerGy_Si.350.MeV.n_4, FociPerGy_Si.350.MeV.n_8, Bgd_Si.350.MeV.n_48, FociPerGy_Ar.350.MeV.n_8, FociPerGy_Fe.600.MeV.n_4, FociPerGy_Fe.600.MeV.n_8, FociPerGy_Fe.600.MeV.n_48, FociPerGy_X.ray_4, Bgd_X.ray_24, FociPerGy_X.ray_24, Bgd_X.ray_48, FociPerGy_X.ray_48"
X7.96463305,20,0,20,,"FociPerGy_Si.350.MeV.n_4, Bgd_Si.350.MeV.n_8, FociPerGy_Si.350.MeV.n_8, Bgd_Si.350.MeV.n_24, FociPerGy_Si.350.MeV.n_24, Bgd_Si.350.MeV.n_48, FociPerGy_Si.350.MeV.n_48, FociPerGy_Ar.350.MeV.n_4, Bgd_Ar.350.MeV.n_8, FociPerGy_Ar.350.MeV.n_8, Bgd_Ar.350.MeV.n_24, Bgd_Ar.350.MeV.n_48, FociPerGy_Ar.350.MeV.n_48, Bgd_Fe.600.MeV.n_4, FociPerGy_Fe.600.MeV.n_4, Bgd_Fe.600.MeV.n_8, FociPerGy_Fe.600.MeV.n_8, Bgd_X.ray_4, Bgd_X.ray_24, Bgd_X.ray_48","Bgd_Si.350.MeV.n_4, Bgd_Ar.350.MeV.n_4, FociPerGy_Ar.350.MeV.n_24, Bgd_Fe.600.MeV.n_24, FociPerGy_Fe.600.MeV.n_24, Bgd_Fe.600.MeV.n_48, FociPerGy_Fe.600.MeV.n_48, FociPerGy_X.ray_4, FociPerGy_X.ray_24, FociPerGy_X.ray_48"
X8.111942169,15,0,15,,"FociPerGy_Si.350.MeV.n_4, Bgd_Si.350.MeV.n_8, Bgd_Si.350.MeV.n_24, FociPerGy_Si.350.MeV.n_24, Bgd_Si.350.MeV.n_48, FociPerGy_Ar.350.MeV.n_4, FociPerGy_Ar.350.MeV.n_8, Bgd_Ar.350.MeV.n_24, FociPerGy_Fe.600.MeV.n_4, Bgd_Fe.600.MeV.n_8, Bgd_Fe.600.MeV.n_24, FociPerGy_Fe.600.MeV.n_24, FociPerGy_Fe.600.MeV.n_48, Bgd_X.ray_48, FociPerGy_X.ray_48","Bgd_Si.350.MeV.n_4, FociPerGy_Si.350.MeV.n_8, FociPerGy_Si.350.MeV.n_48, Bgd_Ar.350.MeV.n_4, Bgd_Ar.350.MeV.n_8, FociPerGy_Ar.350.MeV.n_24, Bgd_Ar.350.MeV.n_48, FociPerGy_Ar.350.MeV.n_48, Bgd_Fe.600.MeV.n_4, FociPerGy_Fe.600.MeV.n_8, Bgd_Fe.600.MeV.n_48, Bgd_X.ray_4, FociPerGy_X.ray_4, Bgd_X.ray_24, FociPerGy_X.ray_24"
X8.114055486,19,0,19,,"Bgd_Si.350.MeV.n_4, FociPerGy_Si.350.MeV.n_4, Bgd_Si.350.MeV.n_8, FociPerGy_Si.350.MeV.n_24, Bgd_Si.350.MeV.n_48, FociPerGy_Si.350.MeV.n_48, Bgd_Ar.350.MeV.n_4, FociPerGy_Ar.350.MeV.n_8, FociPerGy_Ar.350.MeV.n_24, FociPerGy_Ar.350.MeV.n_48, FociPerGy_Fe.600.MeV.n_4, Bgd_Fe.600.MeV.n_8, FociPerGy_Fe.600.MeV.n_24, FociPerGy_Fe.600.MeV.n_48, Bgd_X.ray_4, Bgd_X.ray_24, FociPerGy_X.ray_24, Bgd_X.ray_48, FociPerGy_X.ray_48","FociPerGy_Si.350.MeV.n_8, Bgd_Si.350.MeV.n_24, FociPerGy_Ar.350.MeV.n_4, Bgd_Ar.350.MeV.n_8, Bgd_Ar.350.MeV.n_24, Bgd_Ar.350.MeV.n_48, Bgd_Fe.600.MeV.n_4, FociPerGy_Fe.600.MeV.n_8, Bgd_Fe.600.MeV.n_24, Bgd_Fe.600.MeV.n_48, FociPerGy_X.ray_4"
X8.45043434,18,0,18,,"Bgd_Si.350.MeV.n_4, Bgd_Si.350.MeV.n_8, Bgd_Si.350.MeV.n_24, Bgd_Si.350.MeV.n_48, FociPerGy_Si.350.MeV.n_48, Bgd_Ar.350.MeV.n_4, FociPerGy_Ar.350.MeV.n_8, FociPerGy_Ar.350.MeV.n_24, FociPerGy_Ar.350.MeV.n_48, Bgd_Fe.600.MeV.n_4, FociPerGy_Fe.600.MeV.n_4, Bgd_Fe.600.MeV.n_8, Bgd_Fe.600.MeV.n_24, Bgd_Fe.600.MeV.n_48, Bgd_X.ray_4, Bgd_X.ray_24, FociPerGy_X.ray_24, Bgd_X.ray_48","FociPerGy_Si.350.MeV.n_4, FociPerGy_Si.350.MeV.n_8, FociPerGy_Si.350.MeV.n_24, FociPerGy_Ar.350.MeV.n_4, Bgd_Ar.350.MeV.n_8, Bgd_Ar.350.MeV.n_24, Bgd_Ar.350.MeV.n_48, FociPerGy_Fe.600.MeV.n_8, FociPerGy_Fe.600.MeV.n_24, FociPerGy_Fe.600.MeV.n_48, FociPerGy_X.ray_4, FociPerGy_X.ray_48"
X8.60115231,23,1,22,X3.30112136,"Bgd_Si.350.MeV.n_4, FociPerGy_Si.350.MeV.n_4, Bgd_Si.350.MeV.n_8, FociPerGy_Si.350.MeV.n_8, Bgd_Si.350.MeV.n_24, Bgd_Si.350.MeV.n_48, FociPerGy_Si.350.MeV.n_48, FociPerGy_Ar.350.MeV.n_8, Bgd_Ar.350.MeV.n_24, FociPerGy_Ar.350.MeV.n_24, Bgd_Ar.350.MeV.n_48, FociPerGy_Fe.600.MeV.n_4, Bgd_Fe.600.MeV.n_8, Bgd_Fe.600.MeV.n_24, Bgd_Fe.600.MeV.n_48, FociPerGy_Fe.600.MeV.n_48, Bgd_X.ray_4, FociPerGy_X.ray_4, Bgd_X.ray_24, FociPerGy_X.ray_24, Bgd_X.ray_48, FociPerGy_X.ray_48","FociPerGy_Si.350.MeV.n_24, Bgd_Ar.350.MeV.n_4, FociPerGy_Ar.350.MeV.n_4, Bgd_Ar.350.MeV.n_8, FociPerGy_Ar.350.MeV.n_48, Bgd_Fe.600.MeV.n_4, FociPerGy_Fe.600.MeV.n_8, FociPerGy_Fe.600.MeV.n_24"
X8.75159575,26,2,24,"X11.65104565, X3.138906032","Bgd_Si.350.MeV.n_4, FociPerGy_Si.350.MeV.n_4, Bgd_Si.350.MeV.n_8, FociPerGy_Si.350.MeV.n_8, Bgd_Si.350.MeV.n_24, Bgd_Si.350.MeV.n_48, FociPerGy_Si.350.MeV.n_48, FociPerGy_Ar.350.MeV.n_4, Bgd_Ar.350.MeV.n_8, FociPerGy_Ar.350.MeV.n_8, Bgd_Ar.350.MeV.n_24, FociPerGy_Ar.350.MeV.n_24, Bgd_Ar.350.MeV.n_48, Bgd_Fe.600.MeV.n_4, FociPerGy_Fe.600.MeV.n_8, Bgd_Fe.600.MeV.n_24, FociPerGy_Fe.600.MeV.n_24, Bgd_Fe.600.MeV.n_48, FociPerGy_Fe.600.MeV.n_48, Bgd_X.ray_4, FociPerGy_X.ray_4, Bgd_X.ray_24, FociPerGy_X.ray_24, FociPerGy_X.ray_48","FociPerGy_Si.350.MeV.n_24, Bgd_Ar.350.MeV.n_4, FociPerGy_Ar.350.MeV.n_48, FociPerGy_Fe.600.MeV.n_4, Bgd_Fe.600.MeV.n_8, Bgd_X.ray_48"
X9.33592093,17,0,17,,"Bgd_Si.350.MeV.n_4, FociPerGy_Si.350.MeV.n_4, Bgd_Si.350.MeV.n_8, FociPerGy_Si.350.MeV.n_8, Bgd_Si.350.MeV.n_24, FociPerGy_Si.350.MeV.n_24, Bgd_Si.350.MeV.n_48, FociPerGy_Ar.350.MeV.n_8, Bgd_Ar.350.MeV.n_48, FociPerGy_Ar.350.MeV.n_48, Bgd_Fe.600.MeV.n_4, Bgd_Fe.600.MeV.n_24, Bgd_Fe.600.MeV.n_48, FociPerGy_Fe.600.MeV.n_48, Bgd_X.ray_4, Bgd_X.ray_24, Bgd_X.ray_48","FociPerGy_Si.350.MeV.n_48, Bgd_Ar.350.MeV.n_4, FociPerGy_Ar.350.MeV.n_4, Bgd_Ar.350.MeV.n_8, Bgd_Ar.350.MeV.n_24, FociPerGy_Ar.350.MeV.n_24, FociPerGy_Fe.600.MeV.n_4, Bgd_Fe.600.MeV.n_8, FociPerGy_Fe.600.MeV.n_8, FociPerGy_Fe.600.MeV.n_24, FociPerGy_X.ray_4, FociPerGy_X.ray_24, FociPerGy_X.ray_48"
X9.45409057,18,0,18,,"Bgd_Si.350.MeV.n_4, FociPerGy_Si.350.MeV.n_4, Bgd_Si.350.MeV.n_8, FociPerGy_Si.350.MeV.n_8, Bgd_Si.350.MeV.n_24, FociPerGy_Si.350.MeV.n_24, Bgd_Ar.350.MeV.n_4, FociPerGy_Ar.350.MeV.n_4, FociPerGy_Ar.350.MeV.n_8, FociPerGy_Ar.350.MeV.n_24, Bgd_Ar.350.MeV.n_48, FociPerGy_Ar.350.MeV.n_48, FociPerGy_Fe.600.MeV.n_4, Bgd_Fe.600.MeV.n_8, Bgd_Fe.600.MeV.n_24, Bgd_X.ray_4, Bgd_X.ray_24, Bgd_X.ray_48","Bgd_Si.350.MeV.n_48, FociPerGy_Si.350.MeV.n_48, Bgd_Ar.350.MeV.n_8, Bgd_Ar.350.MeV.n_24, Bgd_Fe.600.MeV.n_4, FociPerGy_Fe.600.MeV.n_8, FociPerGy_Fe.600.MeV.n_24, Bgd_Fe.600.MeV.n_48, FociPerGy_Fe.600.MeV.n_48, FociPerGy_X.ray_4, FociPerGy_X.ray_24, FociPerGy_X.ray_48"
X9.72766774,20,1,19,X13.39979535,"Bgd_Si.350.MeV.n_4, FociPerGy_Si.350.MeV.n_4, Bgd_Si.350.MeV.n_8, Bgd_Si.350.MeV.n_24, FociPerGy_Si.350.MeV.n_48, Bgd_Ar.350.MeV.n_4, FociPerGy_Ar.350.MeV.n_4, Bgd_Ar.350.MeV.n_8, Bgd_Ar.350.MeV.n_24, FociPerGy_Ar.350.MeV.n_24, Bgd_Ar.350.MeV.n_48, FociPerGy_Ar.350.MeV.n_48, Bgd_Fe.600.MeV.n_4, FociPerGy_Fe.600.MeV.n_4, Bgd_Fe.600.MeV.n_8, Bgd_Fe.600.MeV.n_48, Bgd_X.ray_4, FociPerGy_X.ray_24, Bgd_X.ray_48","FociPerGy_Si.350.MeV.n_8, FociPerGy_Si.350.MeV.n_24, Bgd_Si.350.MeV.n_48, FociPerGy_Ar.350.MeV.n_8, FociPerGy_Fe.600.MeV.n_8, Bgd_Fe.600.MeV.n_24, FociPerGy_Fe.600.MeV.n_24, FociPerGy_Fe.600.MeV.n_48, FociPerGy_X.ray_4, Bgd_X.ray_24, FociPerGy_X.ray_48"
X9.75916734,21,1,20,X9.78872401,"Bgd_Si.350.MeV.n_4, FociPerGy_Si.350.MeV.n_4, Bgd_Si.350.MeV.n_8, FociPerGy_Si.350.MeV.n_8, Bgd_Si.350.MeV.n_24, FociPerGy_Si.350.MeV.n_24, Bgd_Ar.350.MeV.n_4, Bgd_Ar.350.MeV.n_8, FociPerGy_Ar.350.MeV.n_8, FociPerGy_Ar.350.MeV.n_24, Bgd_Ar.350.MeV.n_48, FociPerGy_Ar.350.MeV.n_48, Bgd_Fe.600.MeV.n_4, FociPerGy_Fe.600.MeV.n_4, Bgd_Fe.600.MeV.n_8, FociPerGy_Fe.600.MeV.n_8, FociPerGy_Fe.600.MeV.n_24, FociPerGy_X.ray_4, Bgd_X.ray_24, Bgd_X.ray_48","Bgd_Si.350.MeV.n_48, FociPerGy_Si.350.MeV.n_48, FociPerGy_Ar.350.MeV.n_4, Bgd_Ar.350.MeV.n_24, Bgd_Fe.600.MeV.n_24, Bgd_Fe.600.MeV.n_48, FociPerGy_Fe.600.MeV.n_48, Bgd_X.ray_4, FociPerGy_X.ray_24, FociPerGy_X.ray_48"
X9.78872401,19,1,18,X9.75916734,"FociPerGy_Si.350.MeV.n_4, Bgd_Si.350.MeV.n_8, FociPerGy_Si.350.MeV.n_8, Bgd_Si.350.MeV.n_24, Bgd_Si.350.MeV.n_48, FociPerGy_Si.350.MeV.n_48, Bgd_Ar.350.MeV.n_4, FociPerGy_Ar.350.MeV.n_8, Bgd_Ar.350.MeV.n_48, FociPerGy_Ar.350.MeV.n_48, Bgd_Fe.600.MeV.n_4, FociPerGy_Fe.600.MeV.n_4, Bgd_Fe.600.MeV.n_8, FociPerGy_Fe.600.MeV.n_8, FociPerGy_Fe.600.MeV.n_24, Bgd_X.ray_4, Bgd_X.ray_24, Bgd_X.ray_48","Bgd_Si.350.MeV.n_4, FociPerGy_Si.350.MeV.n_24, FociPerGy_Ar.350.MeV.n_4, Bgd_Ar.350.MeV.n_8, Bgd_Ar.350.MeV.n_24, FociPerGy_Ar.350.MeV.n_24, Bgd_Fe.600.MeV.n_24, Bgd_Fe.600.MeV.n_48, FociPerGy_Fe.600.MeV.n_48, FociPerGy_X.ray_4, FociPerGy_X.ray_24, FociPerGy_X.ray_48"
X9.87722963,20,0,20,,"FociPerGy_Si.350.MeV.n_4, Bgd_Si.350.MeV.n_24, FociPerGy_Si.350.MeV.n_24, FociPerGy_Si.350.MeV.n_48, Bgd_Ar.350.MeV.n_4, Bgd_Ar.350.MeV.n_8, FociPerGy_Ar.350.MeV.n_8, Bgd_Ar.350.MeV.n_24, FociPerGy_Ar.350.MeV.n_24, Bgd_Ar.350.MeV.n_48, FociPerGy_Ar.350.MeV.n_48, Bgd_Fe.600.MeV.n_4, FociPerGy_Fe.600.MeV.n_4, Bgd_Fe.600.MeV.n_8, Bgd_Fe.600.MeV.n_24, FociPerGy_Fe.600.MeV.n_48, Bgd_X.ray_4, Bgd_X.ray_24, Bgd_X.ray_48, FociPerGy_X.ray_48","Bgd_Si.350.MeV.n_4, Bgd_Si.350.MeV.n_8, FociPerGy_Si.350.MeV.n_8, Bgd_Si.350.MeV.n_48, FociPerGy_Ar.350.MeV.n_4, FociPerGy_Fe.600.MeV.n_8, FociPerGy_Fe.600.MeV.n_24, Bgd_Fe.600.MeV.n_48, FociPerGy_X.ray_4, FociPerGy_X.ray_24"
X9.94131153,26,1,25,X2.7685376,"Bgd_Si.350.MeV.n_4, FociPerGy_Si.350.MeV.n_4, Bgd_Si.350.MeV.n_8, Bgd_Si.350.MeV.n_24, FociPerGy_Si.350.MeV.n_24, Bgd_Si.350.MeV.n_48, FociPerGy_Si.350.MeV.n_48, Bgd_Ar.350.MeV.n_4, FociPerGy_Ar.350.MeV.n_4, Bgd_Ar.350.MeV.n_8, FociPerGy_Ar.350.MeV.n_8, Bgd_Ar.350.MeV.n_24, FociPerGy_Ar.350.MeV.n_24, FociPerGy_Ar.350.MeV.n_48, Bgd_Fe.600.MeV.n_4, FociPerGy_Fe.600.MeV.n_4, FociPerGy_Fe.600.MeV.n_8, Bgd_Fe.600.MeV.n_24, Bgd_Fe.600.MeV.n_48, FociPerGy_Fe.600.MeV.n_48, Bgd_X.ray_4, FociPerGy_X.ray_4, Bgd_X.ray_24, FociPerGy_X.ray_24, FociPerGy_X.ray_48","FociPerGy_Si.350.MeV.n_8, Bgd_Ar.350.MeV.n_48, Bgd_Fe.600.MeV.n_8, FociPerGy_Fe.600.MeV.n_24, Bgd_X.ray_48"